timestamp,open,high,low,close,volume,pair
1592479200,8417.5,8418.5,8401.2,8411.5,14.69836761,BTC/EUR
1592479500,8411.5,8411.7,8407.6,8407.6,3.79545517,BTC/EUR
1592479800,8407.6,8409,8407.6,8409,9.07373197,BTC/EUR
1592480100,8409,8411.3,8408.7,8410.3,7.2545515,BTC/EUR
1592480400,8410.4,8410.4,8403.2,8405.9,12.64222715,BTC/EUR
1592480700,8405.9,8406,8394.2,8403.1,7.87145576,BTC/EUR
1592481000,8403.1,8406.1,8402,8405.4,15.11774402,BTC/EUR
1592481300,8405.4,8405.7,8402.7,8402.8,6.18625528,BTC/EUR
1592481600,8402.9,8407.6,8402.7,8402.8,15.84319075,BTC/EUR
1592481900,8402.8,8408.8,8402.7,8408.8,12.06264237,BTC/EUR
1592482200,8408.7,8411,8408.7,8411,7.8845568,BTC/EUR
1592482500,8411,8412.5,8405,8405,12.41394772,BTC/EUR
1592482800,8405.1,8405.9,8402.6,8405.8,12.44476555,BTC/EUR
1592483100,8405.8,8405.9,8402.5,8404.3,15.23260405,BTC/EUR
1592483400,8405.7,8410,8404.3,8409.5,10.81234438,BTC/EUR
1592483700,8409.4,8410,8406.5,8410,17.61664789,BTC/EUR
1592484000,8410,8413.9,8410,8410.1,13.87603338,BTC/EUR
1592484300,8410.1,8412.8,8410,8410.6,2.70599546,BTC/EUR
1592484600,8410.6,8412.3,8410,8411,3.98217323,BTC/EUR
1592484900,8411,8411,8406.5,8406.7,7.35026625,BTC/EUR
1592485200,8406.8,8406.8,8396.3,8397.5,19.44333323,BTC/EUR
1592485500,8396.1,8397,8386.8,8393.9,13.45411549,BTC/EUR
1592485800,8395.1,8399,8384.5,8390,69.38419652,BTC/EUR
1592486100,8389.9,8390,8379.9,8381.5,57.09484876,BTC/EUR
1592486400,8381.9,8394.3,8381.8,8394.3,14.19172539,BTC/EUR
1592486700,8394.1,8401.3,8394.1,8400.7,12.79322081,BTC/EUR
1592487000,8400.7,8400.7,8385.6,8386.8,19.91393478,BTC/EUR
1592487300,8386.8,8389.5,8362.7,8368,21.26343577,BTC/EUR
1592487600,8366.9,8383.1,8366.8,8383.1,22.9455534,BTC/EUR
1592487900,8383.1,8389.5,8376.8,8389.5,33.2992283,BTC/EUR
1592488200,8389.5,8402.9,8389.5,8402.4,15.52790865,BTC/EUR
1592488500,8402.4,8402.6,8393.2,8393.4,12.35063608,BTC/EUR
1592488800,8393.3,8393.4,8379.8,8385.9,16.46181429,BTC/EUR
1592489100,8385,8395.1,8382.7,8389.4,55.56537388,BTC/EUR
1592489400,8389.4,8392.2,8381.5,8382.6,17.29237807,BTC/EUR
1592489700,8382.6,8394.8,8382.6,8394.8,6.31516042,BTC/EUR
1592490000,8394.8,8396,8393.5,8395.9,7.98382988,BTC/EUR
1592490300,8395.9,8403.1,8395.9,8402.9,23.15268166,BTC/EUR
1592490600,8403,8411.1,8402.1,8404.9,53.24431968,BTC/EUR
1592490900,8404.9,8408.5,8404.9,8408,10.41808952,BTC/EUR
1592491200,8408,8412.5,8405.1,8410.4,47.02461841,BTC/EUR
1592491500,8411.7,8420,8411.7,8420,13.51334138,BTC/EUR
1592491800,8419.5,8419.5,8412.6,8413.5,14.96129396,BTC/EUR
1592492100,8414.3,8419.2,8414.2,8417.9,10.62506309,BTC/EUR
1592492400,8417.9,8420,8411.6,8411.6,17.95308971,BTC/EUR
1592492700,8410.6,8410.8,8405.7,8407.9,15.6450681,BTC/EUR
1592493000,8408,8413.6,8405,8410.6,10.6499695,BTC/EUR
1592493300,8411.8,8413.4,8410.4,8411.5,6.30932059,BTC/EUR
1592493600,8411.5,8411.5,8406.9,8407.4,7.80863011,BTC/EUR
1592493900,8407.4,8407.4,8406,8407.3,5.4323323,BTC/EUR
1592494200,8407.3,8409.1,8407.3,8408.9,10.40445006,BTC/EUR
1592494500,8408.9,8408.9,8407.4,8407.5,11.91052313,BTC/EUR
1592494800,8407.5,8407.8,8402.9,8405.3,19.09549985,BTC/EUR
1592495100,8405.3,8409.9,8405.3,8405.8,17.67393602,BTC/EUR
1592495400,8408.8,8409,8389.9,8389.9,7.47164675,BTC/EUR
1592495700,8389.9,8390,8379.3,8380.5,21.59367023,BTC/EUR
1592496000,8380.3,8389.2,8380.3,8382.5,16.79965114,BTC/EUR
1592496300,8382.7,8387.4,8381.9,8385.5,29.85206429,BTC/EUR
1592496600,8385.5,8385.5,8380.6,8380.7,53.53552583,BTC/EUR
1592496900,8380.7,8385.5,8375,8385.2,15.66366909,BTC/EUR
1592497200,8385.1,8401.3,8384.5,8394,23.08277161,BTC/EUR
1592497500,8397.9,8399,8396.7,8397.2,10.93463831,BTC/EUR
1592497800,8397.1,8397.4,8387.4,8390.7,13.62791483,BTC/EUR
1592498100,8390.6,8397,8389.4,8397,5.22553169,BTC/EUR
1592498400,8397,8399,8393,8393,26.3149299,BTC/EUR
1592498700,8393.1,8393.1,8386.1,8386.2,17.51624065,BTC/EUR
1592499000,8386.2,8394.3,8383.8,8391.1,73.30310059,BTC/EUR
1592499300,8391.4,8398.9,8390,8396.5,60.00513362,BTC/EUR
1592499600,8397,8397.8,8389.3,8393,12.98136178,BTC/EUR
1592499900,8393.2,8396.6,8393,8393.3,5.08362201,BTC/EUR
1592500200,8393.2,8393.5,8383.9,8387.9,25.550833,BTC/EUR
1592500500,8386.6,8389.6,8386.6,8389.6,0.71348371,BTC/EUR
1592479200,9442.5,9444.8,9432,9439.1,10.60365566,BTC/USD
1592479500,9438.9,9438.9,9432.3,9432.3,0.77388776,BTC/USD
1592479800,9432.3,9432.3,9427.8,9427.9,7.71360937,BTC/USD
1592480100,9427.8,9432.4,9427.8,9432.4,2.19987974,BTC/USD
1592480400,9432.4,9432.4,9427.8,9428.2,7.40890897,BTC/USD
1592480700,9428.4,9428.4,9420.7,9420.7,2.1505657,BTC/USD
1592481000,9420.7,9423.9,9420,9420,7.12191704,BTC/USD
1592481300,9420,9422,9420,9421.9,0.85946726,BTC/USD
1592481600,9421.9,9422,9420,9420,2.13081215,BTC/USD
1592481900,9420.1,9420.1,9410.9,9410.9,4.68256608,BTC/USD
1592482200,9410.9,9421.9,9410.9,9416.3,8.32243933,BTC/USD
1592482500,9416.3,9419.9,9411.1,9411.1,8.33627235,BTC/USD
1592482800,9411.1,9417.8,9411.1,9417,2.91615185,BTC/USD
1592483100,9417,9420.7,9415,9420.7,6.27848858,BTC/USD
1592483400,9421.4,9422,9418.8,9422,0.73028552,BTC/USD
1592483700,9422,9430.5,9421.9,9430.5,13.69865927,BTC/USD
1592484000,9430.5,9432.5,9426.8,9426.9,8.70736284,BTC/USD
1592484300,9426.9,9430.8,9426.9,9430.8,7.94049718,BTC/USD
1592484600,9429.5,9429.5,9423.8,9425.8,1.02560846,BTC/USD
1592484900,9425.8,9425.8,9422.1,9423.9,0.74326893,BTC/USD
1592485200,9420.1,9420.2,9405.9,9407.8,18.23636298,BTC/USD
1592485500,9407.2,9407.2,9400.1,9404.8,11.77622316,BTC/USD
1592485800,9404.8,9416.4,9404.4,9406.1,12.44200289,BTC/USD
1592486100,9404.9,9405,9392.5,9392.5,4.01874845,BTC/USD
1592486400,9392.7,9402.9,9387.4,9402.9,13.96176066,BTC/USD
1592486700,9402.9,9411.7,9402.3,9409.8,3.24858835,BTC/USD
1592487000,9409.8,9409.8,9397.1,9400.2,7.05376935,BTC/USD
1592487300,9400.2,9400.7,9378.8,9378.8,8.17977368,BTC/USD
1592487600,9378.8,9399.7,9378.8,9399.7,8.96488054,BTC/USD
1592487900,9396.8,9402.8,9390,9402.7,4.08101038,BTC/USD
1592488200,9402.7,9410,9402.7,9409.4,13.76314685,BTC/USD
1592488500,9409.3,9409.4,9401,9401.1,11.98210527,BTC/USD
1592488800,9401.1,9401.1,9387.8,9389.7,11.57744496,BTC/USD
1592489100,9389.7,9397.9,9389,9393.3,5.22983493,BTC/USD
1592489400,9393.3,9397.3,9387,9392.6,4.19718816,BTC/USD
1592489700,9392.6,9398,9392.6,9398,1.7224048,BTC/USD
1592490000,9398,9402,9398,9398.1,5.73207843,BTC/USD
1592490300,9398,9404,9398,9404,6.33322994,BTC/USD
1592490600,9404,9404,9398.2,9401.4,7.10389549,BTC/USD
1592490900,9401.4,9408.5,9401.4,9408.5,7.99963121,BTC/USD
1592491200,9408.5,9419.2,9407.8,9419.2,11.30352578,BTC/USD
1592491500,9419.2,9426,9415.8,9426,4.32037474,BTC/USD
1592491800,9426,9426,9419.2,9419.2,7.04848502,BTC/USD
1592492100,9419.2,9420,9419.1,9420,0.40888367,BTC/USD
1592492400,9420,9430.2,9420,9420.2,9.04792679,BTC/USD
1592492700,9420.2,9424,9419.9,9423,13.20075091,BTC/USD
1592493000,9423,9427.7,9421.1,9425.2,10.58136701,BTC/USD
1592493300,9425.2,9426,9425.2,9426,4.34354768,BTC/USD
1592493600,9426,9426,9421,9421,1.9665673,BTC/USD
1592493900,9421,9421,9418.6,9419.4,4.11424385,BTC/USD
1592494200,9419.8,9420,9416.5,9419.3,10.94767554,BTC/USD
1592494500,9419.3,9419.3,9411.6,9413.7,13.74343713,BTC/USD
1592494800,9413.7,9413.7,9410.3,9410.3,5.43460907,BTC/USD
1592495100,9410.3,9415.9,9410.3,9412.3,9.65759815,BTC/USD
1592495400,9412.3,9412.3,9387.1,9387.6,17.77573254,BTC/USD
1592495700,9387.6,9404.2,9371.3,9379.3,190.15778746,BTC/USD
1592496000,9379.3,9394.6,9378.7,9379.4,99.22843613,BTC/USD
1592496300,9379.4,9390,9379.4,9388.1,75.40615425,BTC/USD
1592496600,9388,9397.3,9382.9,9389.6,119.88866125,BTC/USD
1592496900,9389.5,9390.4,9371.9,9388.3,119.91219709,BTC/USD
1592497200,9388.2,9400,9388.2,9400,9.24892102,BTC/USD
1592497500,9400,9400,9397.8,9398.5,1.65974312,BTC/USD
1592497800,9398.5,9398.5,9395.8,9396,4.57903467,BTC/USD
1592498100,9396,9396,9395.9,9396,0.75762013,BTC/USD
1592498400,9396,9396.9,9380.5,9384,56.50716814,BTC/USD
1592498700,9383.9,9384,9383.9,9383.9,4.30783711,BTC/USD
1592499000,9383.9,9396,9383.9,9395.8,5.85485495,BTC/USD
1592499300,9395.9,9399,9395.8,9395.9,6.65170516,BTC/USD
1592499600,9395.9,9398.5,9381.4,9387.6,36.81707996,BTC/USD
1592499900,9387.5,9392.8,9386.3,9391.5,7.17749247,BTC/USD
1592500200,9391.5,9391.5,9386.2,9389.6,26.05254123,BTC/USD
1592500500,9388.9,9391.1,9387.7,9390.2,0.48489638,BTC/USD
1592479200,207.82,208.02,207.8,207.99,20.14828775,ETH/EUR
1592479500,207.93,207.93,207.75,207.75,88.38937597,ETH/EUR
1592479800,207.82,207.89,207.76,207.86,3.77830087,ETH/EUR
1592480100,207.86,207.89,207.63,207.7,6.82667859,ETH/EUR
1592480400,207.7,207.7,207.55,207.69,7.28043245,ETH/EUR
1592480700,207.69,207.7,207.46,207.7,85.88139051,ETH/EUR
1592481000,207.7,207.7,207.62,207.7,25.43673184,ETH/EUR
1592481300,207.7,207.7,207.69,207.69,4.23742947,ETH/EUR
1592481600,207.7,207.82,207.68,207.68,40.56728216,ETH/EUR
1592481900,207.68,207.97,207.68,207.94,45.36281337,ETH/EUR
1592482200,207.97,207.97,207.91,207.91,23.63832881,ETH/EUR
1592482500,207.88,207.88,207.56,207.67,44.51873016,ETH/EUR
1592482800,207.67,207.67,207.53,207.61,42.75715691,ETH/EUR
1592483100,207.61,207.65,207.52,207.65,171.60355897,ETH/EUR
1592483400,207.65,207.8,207.62,207.75,100.92280419,ETH/EUR
1592483700,207.75,207.86,207.75,207.86,67.81929376,ETH/EUR
1592484000,207.86,207.96,207.86,207.89,214.7816639,ETH/EUR
1592484300,207.89,207.89,207.63,207.72,234.17925935,ETH/EUR
1592484600,207.64,207.64,207.53,207.58,152.87757757,ETH/EUR
1592484900,207.57,207.58,207.47,207.51,10.93552853,ETH/EUR
1592485200,207.51,207.51,207.43,207.44,149.3873416,ETH/EUR
1592485500,207.44,207.54,207.22,207.22,28.77954134,ETH/EUR
1592485800,207.23,207.3,207.06,207.18,61.0695716,ETH/EUR
1592486100,207.17,207.17,206.76,206.85,158.2320505,ETH/EUR
1592486400,206.8,207.23,206.6,207.23,44.94456055,ETH/EUR
1592486700,207.23,207.38,207.09,207.09,105.02535231,ETH/EUR
1592487000,207.04,207.14,206.86,207.07,67.76090809,ETH/EUR
1592487300,207.07,207.07,205.98,205.99,521.65994734,ETH/EUR
1592487600,206,206.36,205.99,206.35,33.15495971,ETH/EUR
1592487900,206.35,206.8,206.19,206.8,96.03414312,ETH/EUR
1592488200,206.81,207.08,206.81,207.08,40.42685449,ETH/EUR
1592488500,207.08,207.08,206.86,206.86,24.73622552,ETH/EUR
1592488800,206.7,206.7,206.01,206.63,69.03161903,ETH/EUR
1592489100,206.63,206.93,206.56,206.91,69.47486319,ETH/EUR
1592489400,206.91,206.91,206.57,206.57,47.15096393,ETH/EUR
1592489700,206.57,206.83,206.56,206.82,21.42756803,ETH/EUR
1592490000,206.82,206.92,206.8,206.87,31.16871621,ETH/EUR
1592490300,206.81,207,206.81,207,56.51380892,ETH/EUR
1592490600,207,207,206.76,206.87,32.86700524,ETH/EUR
1592490900,206.87,207.08,206.87,207.07,57.02792152,ETH/EUR
1592491200,207.07,207.45,207.07,207.42,107.93879866,ETH/EUR
1592491500,207.42,207.64,207.42,207.62,28.04992976,ETH/EUR
1592491800,207.62,207.62,207.43,207.43,29.81002096,ETH/EUR
1592492100,207.43,207.49,207.43,207.49,89.57412443,ETH/EUR
1592492400,207.49,207.59,207.39,207.4,95.23787525,ETH/EUR
1592492700,207.4,207.41,207.29,207.41,26.04943107,ETH/EUR
1592493000,207.4,207.41,207.16,207.16,21.93222837,ETH/EUR
1592493300,207.16,207.17,207.16,207.16,41.32110926,ETH/EUR
1592493600,207.16,207.32,207.12,207.12,15.7254262,ETH/EUR
1592493900,207.13,207.13,207.01,207.01,129.56601796,ETH/EUR
1592494200,207,207,206.96,206.97,29.84221327,ETH/EUR
1592494500,206.97,206.97,206.71,206.81,130.94399045,ETH/EUR
1592494800,206.81,206.81,206.79,206.8,50.90301808,ETH/EUR
1592495100,206.8,206.8,206.72,206.72,74.31777575,ETH/EUR
1592495400,206.72,206.72,206.3,206.52,640.0440598,ETH/EUR
1592495700,206.52,206.52,206.31,206.49,59.56783738,ETH/EUR
1592496000,206.49,206.5,206.16,206.38,47.71507997,ETH/EUR
1592496300,206.38,206.47,206.38,206.47,42.25894955,ETH/EUR
1592496600,206.39,206.47,206.39,206.4,217.44486767,ETH/EUR
1592496900,206.4,206.43,206.1,206.43,88.7960126,ETH/EUR
1592497200,206.43,206.78,206.42,206.59,1037.73624636,ETH/EUR
1592497500,206.59,206.79,206.59,206.7,21.77918225,ETH/EUR
1592497800,206.66,206.68,206.39,206.64,85.13457543,ETH/EUR
1592498100,206.61,206.84,206.56,206.68,163.09504304,ETH/EUR
1592498400,206.71,206.73,206.43,206.45,46.42571172,ETH/EUR
1592498700,206.53,206.76,206.51,206.66,50.78252446,ETH/EUR
1592499000,206.72,206.75,206.72,206.75,41.17789914,ETH/EUR
1592499300,206.75,206.91,206.75,206.86,21.56782591,ETH/EUR
1592499600,206.86,206.91,206.74,206.74,36.4820225,ETH/EUR
1592499900,206.73,206.73,206.7,206.7,4.55204608,ETH/EUR
1592500200,206.7,206.78,206.62,206.66,60.24914202,ETH/EUR
1592500500,206.66,206.67,206.65,206.67,4.70374681,ETH/EUR
1592479200,233.25,233.35,233.2,233.2,10.30620319,ETH/USD
1592479500,233.2,233.2,233.15,233.15,38.086,ETH/USD
1592479800,233.15,233.15,233.14,233.14,15.06794211,ETH/USD
1592480100,233.14,233.15,232.99,233,122.26539678,ETH/USD
1592480400,233,233,232.9,232.9,139.0911344,ETH/USD
1592480700,232.9,233.1,232.9,232.91,2.61313676,ETH/USD
1592481000,232.91,232.93,232.9,232.9,1.68680944,ETH/USD
1592481300,232.9,232.91,232.9,232.91,0.171,ETH/USD
1592481600,232.93,232.99,232.9,232.9,13.75446721,ETH/USD
1592481900,232.9,232.95,232.9,232.95,10.71539791,ETH/USD
1592482200,232.96,232.96,232.9,232.9,0.165172,ETH/USD
1592482500,232.9,232.91,232.85,232.85,167.8101,ETH/USD
1592482800,232.85,232.85,232.8,232.8,21.09232437,ETH/USD
1592483100,232.8,232.88,232.8,232.85,5.59944345,ETH/USD
1592483400,232.88,232.89,232.88,232.89,0.99504564,ETH/USD
1592483700,232.89,232.92,232.89,232.92,0.56749971,ETH/USD
1592484000,233.12,233.18,232.97,232.97,111,ETH/USD
1592484300,232.97,232.97,232.9,232.9,50,ETH/USD
1592484600,232.9,232.9,232.73,232.73,0.53256882,ETH/USD
1592484900,232.73,232.73,232.64,232.7,0.60178682,ETH/USD
1592485200,232.7,232.72,232.64,232.64,16.0584677,ETH/USD
1592485500,232.64,232.64,232.38,232.38,20.51322947,ETH/USD
1592485800,232.38,232.56,232.18,232.24,99.52371704,ETH/USD
1592486100,232.24,232.24,231.82,231.89,15.00972985,ETH/USD
1592486400,231.85,232.07,231.51,232.07,93.45420777,ETH/USD
1592486700,232.07,232.34,232.07,232.11,21.40219076,ETH/USD
1592487000,232.11,232.25,231.92,232.25,37.63149772,ETH/USD
1592487300,232.25,232.25,231.16,231.16,253.86368977,ETH/USD
1592487600,231.16,231.63,231.08,231.57,178.87788338,ETH/USD
1592487900,231.57,231.85,231.14,231.78,40.58188786,ETH/USD
1592488200,231.78,231.91,231.74,231.74,25.95266442,ETH/USD
1592488500,231.74,231.79,231.55,231.55,1.27273693,ETH/USD
1592488800,231.53,231.53,230.66,231.32,655.9120515,ETH/USD
1592489100,231.32,231.58,231.31,231.58,9.44216011,ETH/USD
1592489400,231.58,231.71,231.33,231.35,12.79608675,ETH/USD
1592489700,231.35,231.64,231.35,231.54,49.60944897,ETH/USD
1592490000,231.79,231.81,231.5,231.5,32.190498,ETH/USD
1592490300,231.5,231.62,231.5,231.62,3.86323493,ETH/USD
1592490600,231.64,231.66,231.36,231.42,57.56465035,ETH/USD
1592490900,231.42,231.89,231.42,231.88,212.93360683,ETH/USD
1592491200,231.88,232.26,231.84,232.26,10.11280726,ETH/USD
1592491500,232.26,232.4,232.26,232.4,10.69064629,ETH/USD
1592491800,232.4,232.4,232.12,232.19,35.40684788,ETH/USD
1592492100,232.19,232.29,232.15,232.29,18.37890198,ETH/USD
1592492400,232.29,232.44,232.29,232.29,63.48649644,ETH/USD
1592492700,232.3,232.3,232.24,232.25,16.0388735,ETH/USD
1592493000,232.39,232.39,232.25,232.25,10.27044656,ETH/USD
1592493300,232.19,232.26,232.19,232.26,3.92469689,ETH/USD
1592493600,232.25,232.26,232.08,232.08,30.59817925,ETH/USD
1592493900,232.08,232.08,231.86,231.91,19.39949212,ETH/USD
1592494200,231.92,231.95,231.84,231.87,9.13140155,ETH/USD
1592494500,231.91,231.91,231.6,231.62,100.85614277,ETH/USD
1592494800,231.54,231.56,231.54,231.56,17.83598747,ETH/USD
1592495100,231.58,231.67,231.35,231.39,99.69944086,ETH/USD
1592495400,231.39,231.39,230.91,231.26,175.62531401,ETH/USD
1592495700,231.26,231.26,230.92,231.11,24.24714948,ETH/USD
1592496000,230.91,231.24,230.91,231.1,205.78226741,ETH/USD
1592496300,231.1,231.48,231,231.39,298.54307054,ETH/USD
1592496600,231.15,231.31,231.14,231.17,18.75469725,ETH/USD
1592496900,231.08,231.2,230.91,231.2,148.16885798,ETH/USD
1592497200,231.2,231.55,231.2,231.33,177.40578676,ETH/USD
1592497500,231.33,231.46,231.27,231.36,175.21531735,ETH/USD
1592497800,231.23,231.31,231.16,231.25,151.14898239,ETH/USD
1592498100,231.25,231.37,231.25,231.37,12.18534706,ETH/USD
1592498400,231.37,231.37,231.03,231.09,14.31304193,ETH/USD
1592498700,230.94,231.29,230.94,231.29,307.51613613,ETH/USD
1592499000,231.29,231.49,231.27,231.49,68.536,ETH/USD
1592499300,231.49,231.61,231.49,231.61,107.86927,ETH/USD
1592499600,231.61,231.61,231.17,231.17,43.15360342,ETH/USD
1592499900,231.17,231.18,231.17,231.17,0.879597,ETH/USD
1592500200,231.17,231.18,231.17,231.18,5.6043732,ETH/USD
1592500500,231.18,231.27,231.18,231.27,40.954,ETH/USD
1592479200,47.164,47.164,47.164,47.164,2.12300703,ZEC/EUR
1592479500,47.164,47.164,47.164,47.164,0,ZEC/EUR
1592479800,47.164,47.164,47.164,47.164,0,ZEC/EUR
1592480100,47.164,47.164,47.164,47.164,0,ZEC/EUR
1592480400,47.164,47.164,47.164,47.164,0,ZEC/EUR
1592480700,47.164,47.164,47.164,47.164,0,ZEC/EUR
1592481000,47.164,47.2,47.139,47.2,91,ZEC/EUR
1592481300,47.2,47.2,47.2,47.2,0,ZEC/EUR
1592481600,47.2,47.2,47.2,47.2,0,ZEC/EUR
1592481900,47.2,47.2,47.2,47.2,0,ZEC/EUR
1592482200,47.2,47.2,47.2,47.2,0,ZEC/EUR
1592482500,47.2,47.2,47.2,47.2,0,ZEC/EUR
1592482800,46.996,46.996,46.967,46.967,0.137776,ZEC/EUR
1592483100,46.954,47.036,46.954,47.036,35.66300703,ZEC/EUR
1592483400,46.966,46.966,46.966,46.966,2.19388961,ZEC/EUR
1592483700,46.966,46.99,46.966,46.99,1,ZEC/EUR
1592484000,46.99,46.99,46.99,46.99,0,ZEC/EUR
1592484300,46.99,46.99,46.99,46.99,0,ZEC/EUR
1592484600,46.99,46.99,46.99,46.99,0,ZEC/EUR
1592484900,46.99,46.99,46.99,46.99,0,ZEC/EUR
1592485200,46.99,46.99,46.99,46.99,0,ZEC/EUR
1592485500,46.806,46.806,46.769,46.769,0.744918,ZEC/EUR
1592485800,46.8,46.9,46.8,46.9,178.54891667,ZEC/EUR
1592486100,46.9,46.9,46.721,46.721,5.103979,ZEC/EUR
1592486400,46.721,46.85,46.721,46.85,16.04,ZEC/EUR
1592486700,46.85,46.85,46.85,46.85,0,ZEC/EUR
1592487000,46.85,46.85,46.85,46.85,0,ZEC/EUR
1592487300,46.756,46.756,46.721,46.721,11.48567494,ZEC/EUR
1592487600,46.443,46.443,46.443,46.443,0.25059977,ZEC/EUR
1592487900,46.443,46.443,46.443,46.443,0,ZEC/EUR
1592488200,46.443,46.443,46.443,46.443,0,ZEC/EUR
1592488500,46.443,46.443,46.443,46.443,0,ZEC/EUR
1592488800,46.443,46.443,46.443,46.443,0,ZEC/EUR
1592489100,46.624,46.624,46.624,46.624,2,ZEC/EUR
1592489400,46.624,46.624,46.608,46.608,13,ZEC/EUR
1592489700,46.608,46.608,46.608,46.608,0,ZEC/EUR
1592490000,46.608,46.769,46.608,46.769,0.04558034,ZEC/EUR
1592490300,46.769,46.769,46.769,46.769,0,ZEC/EUR
1592490600,46.769,46.769,46.769,46.769,0,ZEC/EUR
1592490900,46.769,46.769,46.769,46.769,0,ZEC/EUR
1592491200,46.769,46.78,46.769,46.78,15.29828773,ZEC/EUR
1592491500,46.78,46.78,46.78,46.78,0,ZEC/EUR
1592492100,46.78,46.78,46.78,46.78,0,ZEC/EUR
1592492400,46.78,46.78,46.78,46.78,0,ZEC/EUR
1592492700,46.78,46.78,46.78,46.78,0,ZEC/EUR
1592493000,46.78,46.78,46.78,46.78,0,ZEC/EUR
1592493300,46.78,46.78,46.78,46.78,0,ZEC/EUR
1592493600,46.78,46.78,46.78,46.78,0,ZEC/EUR
1592493900,46.78,46.78,46.78,46.78,0.04778321,ZEC/EUR
1592494200,46.78,46.78,46.78,46.78,0,ZEC/EUR
1592494500,46.78,46.78,46.78,46.78,0.00184679,ZEC/EUR
1592494800,46.78,46.78,46.78,46.78,0,ZEC/EUR
1592495100,46.78,46.78,46.71,46.71,0.03560907,ZEC/EUR
1592495400,46.71,46.71,46.71,46.71,0,ZEC/EUR
1592495700,46.655,46.655,46.61,46.61,0.071561,ZEC/EUR
1592496000,46.61,46.61,46.61,46.61,0,ZEC/EUR
1592496300,46.61,46.61,46.61,46.61,0,ZEC/EUR
1592496600,46.61,46.61,46.61,46.61,0,ZEC/EUR
1592496900,46.61,46.61,46.61,46.61,0,ZEC/EUR
1592497200,46.606,46.64,46.606,46.64,15.98087954,ZEC/EUR
1592497500,46.64,46.64,46.64,46.64,0,ZEC/EUR
1592497800,46.64,46.64,46.64,46.64,0,ZEC/EUR
1592498100,46.64,46.64,46.594,46.594,0.08095,ZEC/EUR
1592498400,46.6,46.6,46.574,46.574,15.2,ZEC/EUR
1592498700,46.574,46.574,46.574,46.574,0,ZEC/EUR
1592499000,46.574,46.574,46.574,46.574,0,ZEC/EUR
1592499300,46.574,46.574,46.574,46.574,0,ZEC/EUR
1592499600,46.574,46.574,46.574,46.574,0,ZEC/EUR
1592499900,46.647,46.647,46.566,46.566,10.14332783,ZEC/EUR
1592500200,46.566,46.566,46.566,46.566,0,ZEC/EUR
1592500500,46.566,46.566,46.566,46.566,0,ZEC/EUR
1592479200,52.63,52.63,52.63,52.63,0,ZEC/USD
1592479500,52.63,52.63,52.63,52.63,0,ZEC/USD
1592479800,52.63,52.63,52.63,52.63,0,ZEC/USD
1592480400,52.63,52.63,52.63,52.63,0,ZEC/USD
1592480700,52.63,52.63,52.63,52.63,0,ZEC/USD
1592481000,52.63,52.85,52.63,52.85,6.10597539,ZEC/USD
1592481300,52.85,52.85,52.85,52.85,0,ZEC/USD
1592481600,52.85,52.85,52.85,52.85,0,ZEC/USD
1592481900,52.85,52.85,52.85,52.85,0,ZEC/USD
1592482200,52.85,52.85,52.85,52.85,0,ZEC/USD
1592482500,52.85,52.85,52.85,52.85,0,ZEC/USD
1592482800,52.85,52.85,52.85,52.85,0,ZEC/USD
1592483100,52.59,52.59,52.51,52.51,200,ZEC/USD
1592483400,52.51,52.51,52.51,52.51,0,ZEC/USD
1592483700,52.51,52.51,52.51,52.51,0,ZEC/USD
1592484000,52.51,52.51,52.51,52.51,0,ZEC/USD
1592484900,52.51,52.51,52.51,52.51,0,ZEC/USD
1592485200,52.51,52.51,52.51,52.51,0,ZEC/USD
1592485500,52.51,52.51,52.51,52.51,0,ZEC/USD
1592485800,52.48,52.48,52.48,52.48,6.10949314,ZEC/USD
1592486100,52.48,52.48,52.48,52.48,0,ZEC/USD
1592486400,52.43,52.43,52.43,52.43,6.10771314,ZEC/USD
1592486700,52.43,52.43,52.43,52.43,0,ZEC/USD
1592487000,52.43,52.43,52.43,52.43,0,ZEC/USD
1592487300,52.43,52.43,52.31,52.31,11.13539358,ZEC/USD
1592487600,52.31,52.31,52.31,52.31,0,ZEC/USD
1592487900,52.31,52.31,52.31,52.31,0,ZEC/USD
1592488200,52.31,52.31,52.31,52.31,0,ZEC/USD
1592488500,52.31,52.31,52.31,52.31,0,ZEC/USD
1592489400,52.31,52.31,52.31,52.31,0,ZEC/USD
1592489700,52.31,52.31,52.31,52.31,0,ZEC/USD
1592490000,52.31,52.31,52.31,52.31,0,ZEC/USD
1592490300,52.31,52.31,52.31,52.31,0,ZEC/USD
1592490600,52.31,52.31,52.31,52.31,0,ZEC/USD
1592490900,52.31,52.31,52.31,52.31,0,ZEC/USD
1592491200,52.31,52.31,52.31,52.31,0,ZEC/USD
1592491500,52.31,52.42,52.31,52.42,0.31383,ZEC/USD
1592492100,52.42,52.42,52.42,52.42,0,ZEC/USD
1592492400,52.42,52.5,52.42,52.5,5.42442095,ZEC/USD
1592492700,52.5,52.5,52.5,52.5,0,ZEC/USD
1592493000,52.5,52.5,52.5,52.5,0,ZEC/USD
1592493300,52.39,52.39,52.35,52.35,50,ZEC/USD
1592493600,52.35,52.35,52.35,52.35,0,ZEC/USD
1592493900,52.35,52.35,52.35,52.35,0,ZEC/USD
1592494200,52.35,52.35,52.35,52.35,0,ZEC/USD
1592494500,52.35,52.35,52.35,52.35,0,ZEC/USD
1592494800,52.35,52.35,52.35,52.35,0,ZEC/USD
1592495100,52.35,52.35,52.35,52.35,0,ZEC/USD
1592495400,52.35,52.35,52.35,52.35,0,ZEC/USD
1592495700,52.35,52.35,52.35,52.35,0,ZEC/USD
1592496000,52.35,52.35,52.35,52.35,0,ZEC/USD
1592496900,52.35,52.35,52.35,52.35,0,ZEC/USD
1592497200,52.35,52.35,52.35,52.35,0,ZEC/USD
1592497500,52.35,52.35,52.35,52.35,0,ZEC/USD
1592497800,52.35,52.35,52.35,52.35,0,ZEC/USD
1592498100,52.35,52.35,52.35,52.35,0,ZEC/USD
1592498400,52.11,52.11,52.11,52.11,2,ZEC/USD
1592498700,52.11,52.11,52.11,52.11,0,ZEC/USD
1592499000,52.11,52.11,52.11,52.11,0,ZEC/USD
1592499300,52.11,52.11,52.11,52.11,0,ZEC/USD
1592499600,52.11,52.11,52.11,52.11,0,ZEC/USD
1592499900,52.11,52.11,52.05,52.05,49.99999998,ZEC/USD
1592500200,52.05,52.05,52.05,52.05,0,ZEC/USD
1592500500,52.05,52.05,52.05,52.05,0,ZEC/USD
1592479200,39.14,39.17,39.14,39.17,2.43714869,LTC/EUR
1592479500,39.17,39.18,39.17,39.17,6.6741015,LTC/EUR
1592479800,39.17,39.17,39.17,39.17,0,LTC/EUR
1592480100,39.17,39.17,39.17,39.17,0,LTC/EUR
1592480400,39.15,39.15,39.15,39.15,30.78502,LTC/EUR
1592480700,39.15,39.18,39.15,39.18,5.104645,LTC/EUR
1592481000,39.18,39.18,39.18,39.18,0,LTC/EUR
1592481300,39.18,39.18,39.15,39.15,14.62918065,LTC/EUR
1592481600,39.15,39.18,39.15,39.18,0.8605602,LTC/EUR
1592481900,39.18,39.22,39.18,39.22,165.90712513,LTC/EUR
1592482200,39.22,39.22,39.22,39.22,0,LTC/EUR
1592482500,39.22,39.22,39.18,39.18,2.99999997,LTC/EUR
1592482800,39.18,39.2,39.18,39.2,12.31307563,LTC/EUR
1592483100,39.2,39.2,39.2,39.2,36.42,LTC/EUR
1592483400,39.2,39.2,39.2,39.2,1.5,LTC/EUR
1592483700,39.2,39.2,39.19,39.19,16.83999999,LTC/EUR
1592484000,39.19,39.28,39.19,39.28,63.54161712,LTC/EUR
1592484300,39.28,39.28,39.24,39.24,6.326297,LTC/EUR
1592484600,39.24,39.27,39.24,39.26,7.29344592,LTC/EUR
1592484900,39.26,39.26,39.19,39.23,83.42414,LTC/EUR
1592485200,39.23,39.23,39.15,39.15,13.54312033,LTC/EUR
1592485500,39.16,39.16,39.08,39.1,46.7258111,LTC/EUR
1592485800,39.13,39.13,39.13,39.13,0.63413584,LTC/EUR
1592486100,39.13,39.13,39.03,39.03,5.34850002,LTC/EUR
1592486400,39.03,39.08,39,39.08,17.426321,LTC/EUR
1592486700,39.08,39.08,39.08,39.08,0,LTC/EUR
1592487000,39.08,39.09,39.06,39.06,78.73203628,LTC/EUR
1592487300,39.06,39.06,38.9,38.9,42.27925316,LTC/EUR
1592487600,38.9,38.98,38.9,38.93,13.68255947,LTC/EUR
1592487900,38.93,38.99,38.93,38.99,22.749,LTC/EUR
1592488200,38.99,39.04,38.99,39.04,13.80933331,LTC/EUR
1592488500,39.04,39.05,39.03,39.04,132.42617393,LTC/EUR
1592488800,39,39,38.93,38.98,47.78519077,LTC/EUR
1592489100,38.97,38.97,38.97,38.97,1.4122627,LTC/EUR
1592489400,38.97,38.97,38.97,38.97,0,LTC/EUR
1592489700,38.97,38.97,38.97,38.97,0,LTC/EUR
1592490000,38.97,39.02,38.97,39.02,35.55593999,LTC/EUR
1592490300,39.02,39.05,39.02,39.05,2.31865562,LTC/EUR
1592490600,39.05,39.05,39.04,39.04,2.39021043,LTC/EUR
1592490900,39.04,39.04,39.04,39.04,0,LTC/EUR
1592491200,39.04,39.06,39.04,39.06,10.71723203,LTC/EUR
1592491500,39.06,39.06,39.06,39.06,0,LTC/EUR
1592491800,39.06,39.13,39.06,39.13,35.0455,LTC/EUR
1592492100,39.13,39.13,39.13,39.13,0,LTC/EUR
1592492400,39.13,39.13,39.08,39.08,0.25,LTC/EUR
1592492700,39.08,39.08,39.08,39.08,0,LTC/EUR
1592493000,39.08,39.08,39.08,39.08,0,LTC/EUR
1592493300,39.08,39.08,39.08,39.08,0,LTC/EUR
1592493600,39.08,39.08,39.05,39.05,25.98963918,LTC/EUR
1592493900,39.05,39.05,39.01,39.02,45.16684148,LTC/EUR
1592494200,39.03,39.03,39.03,39.03,2.562132,LTC/EUR
1592494500,38.99,39.02,38.99,39.02,11.716,LTC/EUR
1592494800,39.02,39.02,39.02,39.02,0,LTC/EUR
1592495100,39.02,39.02,39.01,39.01,12.78531402,LTC/EUR
1592495400,39.01,39.01,38.96,38.96,0.13061889,LTC/EUR
1592495700,38.94,38.94,38.9,38.93,124.17728039,LTC/EUR
1592496000,38.91,38.91,38.91,38.91,6.9,LTC/EUR
1592496300,38.91,38.91,38.91,38.91,2.56555744,LTC/EUR
1592496600,38.91,38.92,38.91,38.92,14.25508851,LTC/EUR
1592496900,38.92,38.92,38.9,38.9,2.67500001,LTC/EUR
1592497200,38.9,38.92,38.9,38.92,0.99973507,LTC/EUR
1592497500,38.97,38.97,38.97,38.97,1.565548,LTC/EUR
1592497800,38.97,38.97,38.97,38.97,0,LTC/EUR
1592498100,38.97,39.01,38.97,39.01,6.005639,LTC/EUR
1592498400,39.01,39.01,39.01,39.01,0,LTC/EUR
1592498700,39.01,39.01,38.94,38.94,30,LTC/EUR
1592499000,38.94,38.97,38.94,38.97,6.34058447,LTC/EUR
1592499300,38.97,38.97,38.97,38.97,0,LTC/EUR
1592499600,38.97,38.97,38.91,38.91,17.54113996,LTC/EUR
1592499900,38.91,38.97,38.87,38.97,260.37449888,LTC/EUR
1592500200,38.95,38.98,38.94,38.96,5.91054905,LTC/EUR
1592500500,38.93,38.93,38.93,38.93,2.38428,LTC/EUR
1592479200,43.95,43.95,43.95,43.95,0,LTC/USD
1592479500,44,44,44,44,5,LTC/USD
1592479800,43.96,43.97,43.96,43.97,17.86,LTC/USD
1592480100,43.97,43.97,43.97,43.97,0,LTC/USD
1592480400,43.97,43.97,43.97,43.97,0,LTC/USD
1592480700,43.97,43.97,43.97,43.97,0,LTC/USD
1592481000,43.97,43.97,43.97,43.97,113.86842932,LTC/USD
1592481300,43.97,43.97,43.95,43.95,10.6259,LTC/USD
1592481600,43.97,43.97,43.97,43.97,0.27,LTC/USD
1592481900,43.97,43.97,43.94,43.94,4.58006,LTC/USD
1592482200,43.94,43.94,43.88,43.88,1000.00000001,LTC/USD
1592482500,43.96,43.96,43.96,43.96,3,LTC/USD
1592482800,43.96,43.96,43.93,43.93,0.7,LTC/USD
1592483100,43.93,43.93,43.93,43.93,0,LTC/USD
1592483400,43.93,43.95,43.93,43.95,1.26837,LTC/USD
1592483700,43.96,43.96,43.96,43.96,0.5,LTC/USD
1592484000,43.98,44.06,43.98,44.04,10.43181818,LTC/USD
1592484300,44.04,44.04,44.02,44.02,2.85,LTC/USD
1592484600,44.02,44.02,44.01,44.01,114.98048269,LTC/USD
1592484900,44.01,44.01,44.01,44.01,0,LTC/USD
1592485200,43.96,43.96,43.89,43.89,187.5299,LTC/USD
1592485500,43.89,43.89,43.83,43.83,6.86994,LTC/USD
1592485800,43.83,43.85,43.83,43.84,1.78434936,LTC/USD
1592486100,43.84,43.84,43.78,43.78,148.20909091,LTC/USD
1592486400,43.78,43.79,43.74,43.79,48.82,LTC/USD
1592486700,43.79,43.84,43.79,43.84,71.95390785,LTC/USD
1592487000,43.84,43.84,43.84,43.84,0,LTC/USD
1592487300,43.84,43.84,43.57,43.57,742.95767882,LTC/USD
1592487600,43.57,43.69,43.57,43.69,22,LTC/USD
1592487900,43.69,43.69,43.69,43.69,70.107,LTC/USD
1592488200,43.69,43.72,43.69,43.72,55.745,LTC/USD
1592488500,43.71,43.71,43.71,43.71,4.047,LTC/USD
1592488800,43.64,43.64,43.62,43.63,184.27737855,LTC/USD
1592489100,43.63,43.72,43.63,43.72,2.8521,LTC/USD
1592489400,43.72,43.72,43.65,43.65,6.76572867,LTC/USD
1592489700,43.66,43.69,43.66,43.69,11.428,LTC/USD
1592490000,43.69,43.72,43.68,43.68,191.892,LTC/USD
1592490300,43.71,43.73,43.71,43.71,270.12432997,LTC/USD
1592490600,43.71,43.72,43.66,43.68,66.04773038,LTC/USD
1592490900,43.68,43.74,43.68,43.74,8.58996,LTC/USD
1592491200,43.74,43.76,43.74,43.76,5,LTC/USD
1592491500,43.76,43.76,43.76,43.76,0,LTC/USD
1592491800,43.81,43.82,43.81,43.82,115.81487027,LTC/USD
1592492100,43.82,43.83,43.82,43.83,0.1768266,LTC/USD
1592492400,43.85,43.85,43.83,43.83,82.994,LTC/USD
1592492700,43.77,43.77,43.77,43.77,6.0237,LTC/USD
1592493000,43.8,43.83,43.8,43.83,3.99997,LTC/USD
1592493300,43.8,43.8,43.8,43.8,1,LTC/USD
1592493600,43.8,43.8,43.78,43.78,127.263,LTC/USD
1592493900,43.78,43.78,43.71,43.71,2.586,LTC/USD
1592494200,43.74,43.76,43.73,43.75,48.62595545,LTC/USD
1592494500,43.7,43.7,43.68,43.68,49.01006,LTC/USD
1592494800,43.68,43.69,43.68,43.69,89,LTC/USD
1592495100,43.69,43.69,43.69,43.69,0,LTC/USD
1592495400,43.69,43.69,43.57,43.64,94.68112503,LTC/USD
1592495700,43.58,43.58,43.51,43.57,168.96753304,LTC/USD
1592496000,43.57,43.59,43.57,43.57,8.40640348,LTC/USD
1592496300,43.55,43.55,43.54,43.54,2.32789885,LTC/USD
1592496600,43.54,43.56,43.54,43.56,8.52001,LTC/USD
1592496900,43.56,43.57,43.45,43.56,315.62503,LTC/USD
1592497200,43.58,43.65,43.58,43.65,19,LTC/USD
1592497500,43.65,43.65,43.65,43.65,2,LTC/USD
1592497800,43.65,43.65,43.59,43.61,1.15005,LTC/USD
1592498100,43.63,43.65,43.63,43.65,3.32212412,LTC/USD
1592498400,43.65,43.65,43.62,43.62,52.651,LTC/USD
1592498700,43.62,43.62,43.62,43.62,0,LTC/USD
1592499000,43.61,43.61,43.61,43.61,6.20363636,LTC/USD
1592499300,43.59,43.59,43.59,43.59,5,LTC/USD
1592499600,43.59,43.59,43.5,43.55,406.15828266,LTC/USD
1592499900,43.55,43.57,43.55,43.57,57.06992,LTC/USD
1592500200,43.57,43.6,43.57,43.6,0.68432568,LTC/USD
1592500500,43.6,43.6,43.6,43.6,0.40740741,LTC/USD
1592479200,58.03,58.66,58.03,58.66,1333.17722135,XMR/EUR
1592479500,58.66,58.66,58.66,58.66,0,XMR/EUR
1592479800,58.66,58.66,58.66,58.66,0,XMR/EUR
1592480100,58.66,58.66,58.66,58.66,0,XMR/EUR
1592480400,58.66,58.66,58.23,58.23,40.7633225,XMR/EUR
1592480700,58.23,58.23,58.2,58.2,6.66748429,XMR/EUR
1592481000,58.27,58.27,58.27,58.27,20,XMR/EUR
1592481300,58.27,58.27,58.27,58.27,0,XMR/EUR
1592481600,58.31,58.35,58.31,58.35,4.71964007,XMR/EUR
1592481900,58.35,58.35,58.35,58.35,0,XMR/EUR
1592482200,58.54,58.54,58.48,58.48,1.13364412,XMR/EUR
1592482500,58.62,58.74,58.62,58.62,47.50292326,XMR/EUR
1592482800,58.62,58.62,58.62,58.62,0,XMR/EUR
1592483100,58.62,58.62,58.62,58.62,0,XMR/EUR
1592483400,58.53,58.53,58.53,58.53,4.30488209,XMR/EUR
1592483700,58.53,58.53,58.5,58.5,6.99668398,XMR/EUR
1592484000,58.5,58.5,58.5,58.5,0,XMR/EUR
1592484300,58.5,58.5,58.45,58.45,2.0080411,XMR/EUR
1592484600,58.45,58.45,58.44,58.44,0.501,XMR/EUR
1592484900,58.33,58.33,58.33,58.33,0.5,XMR/EUR
1592485200,58.33,58.38,58.33,58.38,25.91434678,XMR/EUR
1592485500,58.38,58.38,58.38,58.38,0,XMR/EUR
1592485800,58.32,58.32,58.26,58.26,9.3833237,XMR/EUR
1592486400,58.26,58.26,58.26,58.26,0,XMR/EUR
1592486700,58.26,58.28,58.26,58.28,0.42344849,XMR/EUR
1592487000,58.28,58.28,58.28,58.28,0,XMR/EUR
1592487300,58.2,58.2,58.2,58.2,13.0061351,XMR/EUR
1592487600,58.2,58.44,58.2,58.44,16.5,XMR/EUR
1592487900,58.44,58.44,58.44,58.44,0,XMR/EUR
1592488200,58.44,58.58,58.44,58.58,67.48098274,XMR/EUR
1592488500,58.58,58.58,58.58,58.58,0,XMR/EUR
1592488800,58.43,58.43,58.43,58.43,5,XMR/EUR
1592489100,58.43,58.43,58.4,58.4,1.5,XMR/EUR
1592489400,58.4,58.4,58.4,58.4,0,XMR/EUR
1592489700,58.4,58.4,58.4,58.4,0,XMR/EUR
1592490000,58.4,58.4,58.4,58.4,0,XMR/EUR
1592490300,58.4,58.51,58.4,58.51,0.9994,XMR/EUR
1592490600,58.51,58.51,58.51,58.51,0,XMR/EUR
1592490900,58.51,58.51,58.51,58.51,0,XMR/EUR
1592491200,58.57,58.57,58.57,58.57,10.83285441,XMR/EUR
1592491500,58.57,58.66,58.57,58.66,1.86752,XMR/EUR
1592491800,58.66,58.66,58.55,58.55,3.1,XMR/EUR
1592492100,58.55,58.55,58.55,58.55,0,XMR/EUR
1592492400,58.55,58.55,58.55,58.55,0,XMR/EUR
1592492700,58.55,58.55,58.55,58.55,0,XMR/EUR
1592493000,58.55,58.55,58.55,58.55,0,XMR/EUR
1592493300,58.55,58.55,58.46,58.46,12.9945,XMR/EUR
1592493600,58.46,58.46,58.46,58.46,0,XMR/EUR
1592493900,58.46,58.46,58.46,58.46,0,XMR/EUR
1592494200,58.45,58.45,58.45,58.45,12.5299,XMR/EUR
1592494500,58.45,58.45,58.45,58.45,0,XMR/EUR
1592494800,58.45,58.45,58.45,58.45,0,XMR/EUR
1592495400,58.45,58.45,58.45,58.45,0,XMR/EUR
1592495700,58.45,58.49,58.45,58.49,16.090727,XMR/EUR
1592496000,58.49,58.49,58.49,58.49,0,XMR/EUR
1592496300,58.49,58.55,58.49,58.55,3.98836246,XMR/EUR
1592496600,58.52,58.54,58.52,58.54,1.97773668,XMR/EUR
1592496900,58.54,58.54,58.51,58.51,60,XMR/EUR
1592497200,58.51,58.51,58.51,58.51,0,XMR/EUR
1592497500,58.48,58.72,58.48,58.72,7.1702997,XMR/EUR
1592497800,58.72,58.72,58.72,58.72,0,XMR/EUR
1592498100,58.6,58.61,58.47,58.47,11.9894898,XMR/EUR
1592498400,58.47,58.47,58.43,58.43,2.73121855,XMR/EUR
1592498700,58.43,58.51,58.43,58.51,0.170911,XMR/EUR
1592499000,58.51,58.51,58.51,58.51,0,XMR/EUR
1592499300,58.51,58.51,58.43,58.43,4.7,XMR/EUR
1592499600,58.51,58.51,58.51,58.51,0.170911,XMR/EUR
1592499900,58.51,58.51,58.5,58.5,1.97819534,XMR/EUR
1592500200,58.5,58.5,58.5,58.5,0,XMR/EUR
1592500500,58.53,58.56,58.53,58.56,13.55055376,XMR/EUR
1592479200,65.31,65.33,65.31,65.33,5.72695086,XMR/USD
1592479500,65.33,65.33,65.33,65.33,0,XMR/USD
1592479800,65.33,65.33,65.33,65.33,0,XMR/USD
1592480100,65.33,65.33,65.33,65.33,0,XMR/USD
1592480400,65.33,65.35,65.29,65.29,15,XMR/USD
1592480700,65.29,65.29,65.29,65.29,0,XMR/USD
1592481000,65.36,65.36,65.36,65.36,7,XMR/USD
1592481300,65.36,65.36,65.36,65.36,0,XMR/USD
1592481600,65.49,65.49,65.49,65.49,0.70102306,XMR/USD
1592481900,65.53,65.53,65.53,65.53,7.6,XMR/USD
1592482200,65.53,65.53,65.53,65.53,0,XMR/USD
1592482500,65.77,65.77,65.68,65.68,14,XMR/USD
1592482800,65.68,65.68,65.68,65.68,0,XMR/USD
1592483100,65.68,65.68,65.68,65.68,0,XMR/USD
1592483400,65.53,65.53,65.5,65.5,100,XMR/USD
1592483700,65.5,65.53,65.45,65.53,11.06686,XMR/USD
1592484000,65.53,65.53,65.53,65.53,0,XMR/USD
1592484300,65.53,65.53,65.53,65.53,0,XMR/USD
1592484600,65.53,65.53,65.53,65.53,0,XMR/USD
1592484900,65.53,65.53,65.47,65.47,2.3,XMR/USD
1592485200,65.31,65.4,65.3,65.4,9,XMR/USD
1592485500,65.4,65.4,65.4,65.4,0,XMR/USD
1592485800,65.4,65.4,65.4,65.4,0,XMR/USD
1592486100,65.4,65.4,65.4,65.4,0,XMR/USD
1592486400,65.4,65.4,65.4,65.4,0,XMR/USD
1592486700,65.4,65.4,65.4,65.4,0,XMR/USD
1592487000,65.4,65.4,65.4,65.4,0,XMR/USD
1592487300,65.4,65.4,65.4,65.4,0,XMR/USD
1592487600,65.4,65.52,65.19,65.52,5.75,XMR/USD
1592487900,65.52,65.52,65.43,65.43,3,XMR/USD
1592488200,65.43,65.61,65.43,65.61,15.63934711,XMR/USD
1592488500,65.61,65.61,65.61,65.61,0,XMR/USD
1592488800,65.61,65.61,65.61,65.61,0,XMR/USD
1592489100,65.61,65.61,65.61,65.61,0,XMR/USD
1592489400,65.61,65.61,65.51,65.51,1.03863775,XMR/USD
1592489700,65.51,65.51,65.5,65.5,0.14541515,XMR/USD
1592490000,65.5,65.5,65.5,65.5,0,XMR/USD
1592490300,65.5,65.5,65.5,65.5,0,XMR/USD
1592490600,65.5,65.5,65.5,65.5,0,XMR/USD
1592490900,65.47,65.47,65.47,65.47,3,XMR/USD
1592491200,65.47,65.47,65.47,65.47,0,XMR/USD
1592491500,65.47,65.47,65.47,65.47,0,XMR/USD
1592491800,65.47,65.47,65.47,65.47,0,XMR/USD
1592492100,65.47,65.47,65.47,65.47,0,XMR/USD
1592492400,65.47,65.47,65.47,65.47,0,XMR/USD
1592492700,65.47,65.47,65.47,65.47,0,XMR/USD
1592493000,65.47,65.47,65.47,65.47,0,XMR/USD
1592493300,65.47,65.47,65.47,65.47,0,XMR/USD
1592493600,65.47,65.47,65.47,65.47,0,XMR/USD
1592493900,65.47,65.62,65.47,65.62,40,XMR/USD
1592494200,65.62,65.62,65.37,65.37,80,XMR/USD
1592494500,65.37,65.37,65.37,65.37,0,XMR/USD
1592494800,65.37,65.37,65.37,65.37,0,XMR/USD
1592495100,65.37,65.37,65.37,65.37,0,XMR/USD
1592495400,65.37,65.37,65.25,65.25,2.48082681,XMR/USD
1592495700,65.25,65.34,65.25,65.34,10.25897433,XMR/USD
1592496000,65.34,65.34,65.34,65.34,0,XMR/USD
1592496300,65.34,65.34,65.34,65.34,0,XMR/USD
1592496600,65.34,65.34,65.34,65.34,0,XMR/USD
1592496900,65.34,65.34,65.34,65.34,0,XMR/USD
1592497200,65.34,65.34,65.34,65.34,0,XMR/USD
1592497500,65.34,65.44,65.34,65.44,14,XMR/USD
1592497800,65.44,65.66,65.44,65.66,1,XMR/USD
1592498100,65.66,65.66,65.66,65.66,0,XMR/USD
1592498400,65.37,65.37,65.37,65.37,0.1,XMR/USD
1592498700,65.37,65.37,65.37,65.37,0,XMR/USD
1592499000,65.37,65.37,65.37,65.37,0,XMR/USD
1592499300,65.37,65.37,65.37,65.37,0,XMR/USD
1592499600,65.37,65.37,65.37,65.37,0,XMR/USD
1592499900,65.37,65.37,65.35,65.35,0.12315,XMR/USD
1592500200,65.35,65.38,65.35,65.38,4.32279019,XMR/USD
1592500500,65.38,65.38,65.38,65.38,0,XMR/USD
1592479200,64.223,64.223,64.223,64.223,0,DASH/EUR
1592479500,64.223,64.223,64.223,64.223,0,DASH/EUR
1592479800,64.223,64.223,64.223,64.223,0,DASH/EUR
1592480100,64.223,64.4,64.223,64.4,0.99902174,DASH/EUR
1592480400,64.4,64.4,64.4,64.4,0,DASH/EUR
1592480700,64.4,64.4,64.4,64.4,0,DASH/EUR
1592481000,64.4,64.4,64.4,64.4,0,DASH/EUR
1592481300,64.306,64.306,64.306,64.306,8.5,DASH/EUR
1592481600,64.306,64.306,64.306,64.306,0,DASH/EUR
1592481900,64.306,64.306,64.306,64.306,0,DASH/EUR
1592482200,64.306,64.306,64.306,64.306,0,DASH/EUR
1592482500,64.306,64.454,64.306,64.454,1.98333075,DASH/EUR
1592482800,64.454,64.454,64.454,64.454,0,DASH/EUR
1592483100,64.454,64.454,64.454,64.454,0,DASH/EUR
1592483400,64.454,64.454,64.454,64.454,0,DASH/EUR
1592483700,64.454,64.454,64.445,64.445,14.74529,DASH/EUR
1592484000,64.455,64.466,64.455,64.466,6.116,DASH/EUR
1592484300,64.466,64.466,64.466,64.466,0,DASH/EUR
1592484600,64.466,64.466,64.466,64.466,0,DASH/EUR
1592484900,64.493,64.493,64.493,64.493,11.66867114,DASH/EUR
1592485200,64.493,64.493,64.493,64.493,0,DASH/EUR
1592485500,64.493,64.493,64.493,64.493,0,DASH/EUR
1592485800,64.493,64.493,64.493,64.493,0,DASH/EUR
1592486100,64.493,64.493,64.493,64.493,0,DASH/EUR
1592486400,64.3,64.3,64.189,64.189,0.65523928,DASH/EUR
1592486700,64.189,64.189,64.189,64.189,0,DASH/EUR
1592487000,64.189,64.189,64.189,64.189,0,DASH/EUR
1592487300,64.189,64.189,64.1,64.1,17.24334009,DASH/EUR
1592487600,64.1,64.1,64.1,64.1,0,DASH/EUR
1592487900,64.1,64.1,64.1,64.1,0,DASH/EUR
1592488200,64.1,64.1,64.1,64.1,0,DASH/EUR
1592488500,64.1,64.1,64.1,64.1,0,DASH/EUR
1592488800,64.1,64.215,64.1,64.215,3.23571598,DASH/EUR
1592489100,64.215,64.215,64.215,64.215,0,DASH/EUR
1592489400,64.215,64.215,64.215,64.215,0,DASH/EUR
1592489700,64.215,64.215,64.215,64.215,0,DASH/EUR
1592490000,64.215,64.215,64.215,64.215,0,DASH/EUR
1592490300,64.215,64.215,64.215,64.215,0,DASH/EUR
1592490600,64.215,64.215,64.215,64.215,0,DASH/EUR
1592490900,64.215,64.215,64.215,64.215,0,DASH/EUR
1592491200,64.215,64.215,64.215,64.215,0,DASH/EUR
1592491500,64.441,64.441,64.441,64.441,0.70466402,DASH/EUR
1592491800,64.441,64.441,64.441,64.441,0,DASH/EUR
1592492100,64.441,64.441,64.441,64.441,0,DASH/EUR
1592492400,64.472,64.472,64.472,64.472,0.58358154,DASH/EUR
1592492700,64.36,64.36,64.36,64.36,0.151,DASH/EUR
1592493000,64.36,64.36,64.36,64.36,0,DASH/EUR
1592493300,64.36,64.36,64.349,64.349,13.04330339,DASH/EUR
1592493600,64.349,64.349,64.349,64.349,2.43567266,DASH/EUR
1592493900,64.349,64.349,64.349,64.349,0,DASH/EUR
1592494200,64.349,64.349,64.349,64.349,0,DASH/EUR
1592494500,64.349,64.349,64.349,64.349,0,DASH/EUR
1592494800,64.349,64.349,64.349,64.349,0,DASH/EUR
1592495100,64.349,64.349,64.349,64.349,0,DASH/EUR
1592495400,63.982,64.037,63.982,64.037,9.45175013,DASH/EUR
1592495700,64.037,64.037,63.968,63.968,4.80314375,DASH/EUR
1592496000,63.968,63.968,63.968,63.968,0,DASH/EUR
1592496300,63.968,63.968,63.968,63.968,0,DASH/EUR
1592496600,63.968,63.968,63.968,63.968,0,DASH/EUR
1592496900,63.968,63.968,63.968,63.968,3.1265633,DASH/EUR
1592497200,63.968,63.968,63.968,63.968,0,DASH/EUR
1592497500,63.968,64.002,63.968,64.002,9.73909262,DASH/EUR
1592498100,64.002,64.002,64.002,64.002,0,DASH/EUR
1592498400,64.072,64.072,64.072,64.072,0.05856224,DASH/EUR
1592498700,64.072,64.072,64.072,64.072,0,DASH/EUR
1592499000,63.901,63.901,63.901,63.901,0.19058808,DASH/EUR
1592499300,63.901,63.901,63.901,63.901,0,DASH/EUR
1592499600,63.901,63.901,63.901,63.901,0,DASH/EUR
1592499900,63.901,63.95,63.901,63.95,0.70812663,DASH/EUR
1592500200,63.95,63.95,63.95,63.95,0,DASH/EUR
1592500500,63.95,63.95,63.873,63.873,0.71376,DASH/EUR
1592479500,72.111,72.111,72.111,72.111,0,DASH/USD
1592479800,72.111,72.111,72.111,72.111,0,DASH/USD
1592480700,72.111,72.111,72.111,72.111,0,DASH/USD
1592481000,72.111,72.111,72.111,72.111,0,DASH/USD
1592481300,72.111,72.111,72.111,72.111,0,DASH/USD
1592481600,72.111,72.111,72.093,72.093,1.05914198,DASH/USD
1592481900,72.089,72.089,72.079,72.079,1.97960453,DASH/USD
1592482200,72.079,72.246,72.079,72.246,0.15982367,DASH/USD
1592482500,72.246,72.246,72.096,72.096,1.411743,DASH/USD
1592482800,72.096,72.096,72.096,72.096,0,DASH/USD
1592483100,72.096,72.096,72.096,72.096,0,DASH/USD
1592483400,72.096,72.096,72.095,72.095,1.410577,DASH/USD
1592483700,72.095,72.095,72.095,72.095,0,DASH/USD
1592484000,72.095,72.095,72.095,72.095,0,DASH/USD
1592484300,72.095,72.095,72.095,72.095,0,DASH/USD
1592484600,72.095,72.095,72.095,72.095,0,DASH/USD
1592484900,72.095,72.095,72.095,72.095,0,DASH/USD
1592485200,72.095,72.095,72.095,72.095,0,DASH/USD
1592485500,72.252,72.252,72.252,72.252,0.34518906,DASH/USD
1592485800,72.252,72.252,72.252,72.252,0,DASH/USD
1592486100,72.252,72.252,72.252,72.252,0,DASH/USD
1592486400,72.252,72.252,72.252,72.252,0,DASH/USD
1592486700,72.252,72.252,72.252,72.252,0,DASH/USD
1592487000,72.252,72.252,72.252,72.252,0,DASH/USD
1592487300,72.252,72.252,72.252,72.252,0,DASH/USD
1592487600,72.252,72.252,72.252,72.252,0,DASH/USD
1592487900,72.252,72.252,72.252,72.252,0,DASH/USD
1592488200,72.252,72.252,72.252,72.252,0,DASH/USD
1592488500,72.252,72.252,71.974,71.974,6,DASH/USD
1592488800,71.974,71.974,71.855,71.907,7.99492521,DASH/USD
1592489100,71.907,71.965,71.907,71.965,0.08438613,DASH/USD
1592489400,71.965,71.965,71.965,71.965,0,DASH/USD
1592489700,71.965,71.965,71.965,71.965,0,DASH/USD
1592490000,71.965,71.987,71.965,71.987,7.5,DASH/USD
1592490300,71.987,71.987,71.987,71.987,0,DASH/USD
1592490600,71.987,71.987,71.987,71.987,0,DASH/USD
1592490900,71.987,71.987,71.987,71.987,0,DASH/USD
1592491200,71.987,71.987,71.987,71.987,0,DASH/USD
1592491500,71.987,71.987,71.987,71.987,0,DASH/USD
1592491800,71.987,71.987,71.987,71.987,0,DASH/USD
1592492400,71.987,71.987,71.987,71.987,0,DASH/USD
1592492700,71.987,71.987,71.987,71.987,0,DASH/USD
1592493000,71.987,71.987,71.987,71.987,0,DASH/USD
1592493300,71.987,71.987,71.987,71.987,0,DASH/USD
1592493600,71.987,71.987,71.987,71.987,0,DASH/USD
1592494200,71.987,71.987,71.987,71.987,0,DASH/USD
1592494500,71.987,71.987,71.987,71.987,0,DASH/USD
1592494800,71.791,71.792,71.76,71.76,12.03821212,DASH/USD
1592495100,71.76,71.76,71.76,71.76,0,DASH/USD
1592495400,71.688,71.82,71.688,71.82,36,DASH/USD
1592495700,71.598,71.702,71.598,71.702,37,DASH/USD
1592496000,71.702,71.702,71.702,71.702,0,DASH/USD
1592496300,71.702,71.702,71.702,71.702,0,DASH/USD
1592496600,71.702,71.702,71.702,71.702,0,DASH/USD
1592496900,71.702,71.702,71.702,71.702,0,DASH/USD
1592497200,71.702,71.702,71.702,71.702,0,DASH/USD
1592497500,71.702,71.702,71.702,71.702,0,DASH/USD
1592497800,71.702,71.702,71.702,71.702,0,DASH/USD
1592498100,71.702,71.702,71.702,71.702,0,DASH/USD
1592498400,71.702,71.702,71.702,71.702,0,DASH/USD
1592498700,71.702,71.702,71.702,71.702,0,DASH/USD
1592499000,71.702,71.702,71.702,71.702,0,DASH/USD
1592499300,71.702,71.702,71.702,71.702,0,DASH/USD
1592499600,71.702,71.721,71.392,71.392,100.61839519,DASH/USD
1592499900,71.392,71.392,71.392,71.392,0,DASH/USD
1592500200,71.56,71.561,71.56,71.561,20,DASH/USD
1592500500,71.561,71.561,71.561,71.561,0,DASH/USD
1592479200,2.2813,2.2813,2.2813,2.2813,0,EOS/EUR
1592479500,2.2813,2.2813,2.2813,2.2813,0,EOS/EUR
1592479800,2.2813,2.2813,2.2813,2.2813,0,EOS/EUR
1592480100,2.2813,2.2813,2.2813,2.2813,0,EOS/EUR
1592480400,2.2813,2.2813,2.2813,2.2813,0,EOS/EUR
1592480700,2.2813,2.2813,2.2813,2.2813,0,EOS/EUR
1592481000,2.2813,2.2813,2.2813,2.2813,0,EOS/EUR
1592481300,2.2813,2.2813,2.2809,2.2809,100,EOS/EUR
1592481600,2.2809,2.2836,2.2809,2.2836,58.612273,EOS/EUR
1592481900,2.2842,2.2842,2.2842,2.2842,67.86932515,EOS/EUR
1592482200,2.2842,2.2874,2.2842,2.2874,1569.86919661,EOS/EUR
1592482500,2.2874,2.2874,2.2874,2.2874,0,EOS/EUR
1592482800,2.2827,2.2827,2.2827,2.2827,85.662,EOS/EUR
1592483100,2.2827,2.2827,2.2827,2.2827,0,EOS/EUR
1592483400,2.2826,2.284,2.2826,2.2829,235.07185228,EOS/EUR
1592483700,2.2829,2.2829,2.2829,2.2829,0,EOS/EUR
1592484000,2.2829,2.2829,2.2829,2.2829,0,EOS/EUR
1592484300,2.2829,2.2844,2.2829,2.2844,43.33552199,EOS/EUR
1592484600,2.2844,2.2844,2.2844,2.2844,0,EOS/EUR
1592484900,2.2844,2.2844,2.2844,2.2844,0,EOS/EUR
1592485200,2.2844,2.2844,2.2844,2.2844,0,EOS/EUR
1592485500,2.2844,2.2844,2.2808,2.2826,168.22648305,EOS/EUR
1592485800,2.2826,2.2826,2.2826,2.2826,0,EOS/EUR
1592486100,2.2826,2.2826,2.2826,2.2826,0,EOS/EUR
1592486400,2.2826,2.2826,2.2826,2.2826,0,EOS/EUR
1592486700,2.2826,2.2826,2.2778,2.2778,120.69238,EOS/EUR
1592487000,2.2778,2.2778,2.2778,2.2778,0,EOS/EUR
1592487300,2.2778,2.2778,2.2759,2.2759,5,EOS/EUR
1592487600,2.2759,2.2759,2.2759,2.2759,0,EOS/EUR
1592487900,2.2759,2.2759,2.2696,2.2697,1000,EOS/EUR
1592488200,2.2697,2.2697,2.2697,2.2697,0,EOS/EUR
1592488500,2.2697,2.2765,2.2697,2.2765,840,EOS/EUR
1592488800,2.2765,2.2765,2.2736,2.2736,378.22,EOS/EUR
1592489100,2.2736,2.2736,2.2736,2.2736,0,EOS/EUR
1592489400,2.2742,2.2742,2.2742,2.2742,77.07879166,EOS/EUR
1592489700,2.2756,2.2786,2.2756,2.2786,103,EOS/EUR
1592490000,2.2786,2.2786,2.277,2.277,60,EOS/EUR
1592490300,2.277,2.277,2.277,2.277,0,EOS/EUR
1592490600,2.277,2.277,2.277,2.277,0,EOS/EUR
1592490900,2.277,2.277,2.277,2.277,0,EOS/EUR
1592491200,2.277,2.277,2.277,2.277,0,EOS/EUR
1592491500,2.277,2.277,2.277,2.277,0,EOS/EUR
1592491800,2.277,2.2843,2.277,2.2843,86.75465249,EOS/EUR
1592492100,2.2843,2.2843,2.2843,2.2843,0,EOS/EUR
1592492400,2.2843,2.2843,2.2811,2.2811,1668.72079,EOS/EUR
1592492700,2.2811,2.2811,2.2811,2.2811,0,EOS/EUR
1592493000,2.2811,2.2811,2.2811,2.2811,0,EOS/EUR
1592493300,2.2811,2.2811,2.2811,2.2811,0,EOS/EUR
1592493600,2.2811,2.2811,2.2811,2.2811,0,EOS/EUR
1592493900,2.2811,2.2811,2.2811,2.2811,0,EOS/EUR
1592494200,2.2811,2.2811,2.2811,2.2811,0,EOS/EUR
1592494500,2.2811,2.2811,2.2811,2.2811,0,EOS/EUR
1592495100,2.2811,2.2811,2.2811,2.2811,0,EOS/EUR
1592495400,2.2782,2.2782,2.2782,2.2782,110,EOS/EUR
1592495700,2.2727,2.2727,2.2727,2.2727,16.2568477,EOS/EUR
1592496000,2.2727,2.2727,2.2727,2.2727,0,EOS/EUR
1592496300,2.2727,2.2727,2.2696,2.2696,5.74012,EOS/EUR
1592496600,2.2696,2.2696,2.2696,2.2696,0,EOS/EUR
1592496900,2.2696,2.2696,2.2696,2.2696,0,EOS/EUR
1592497200,2.2696,2.2696,2.2696,2.2696,0,EOS/EUR
1592497500,2.2696,2.2696,2.2696,2.2696,0,EOS/EUR
1592497800,2.2691,2.2691,2.2691,2.2691,69.65698259,EOS/EUR
1592498100,2.2691,2.2691,2.2691,2.2691,0,EOS/EUR
1592498400,2.2691,2.2691,2.2691,2.2691,0,EOS/EUR
1592498700,2.2691,2.2703,2.2691,2.2703,115.49083174,EOS/EUR
1592499000,2.2703,2.2703,2.2703,2.2703,0,EOS/EUR
1592499300,2.2703,2.2703,2.2703,2.2703,0,EOS/EUR
1592499600,2.2703,2.2715,2.2703,2.2715,58.35494535,EOS/EUR
1592499900,2.2715,2.2715,2.2715,2.2715,3.93809311,EOS/EUR
1592500200,2.2715,2.2716,2.2715,2.2715,252.19957593,EOS/EUR
1592500500,2.2715,2.2715,2.2715,2.2715,295.27987785,EOS/EUR
1592479200,2.562,2.562,2.562,2.562,0,EOS/USD
1592479500,2.562,2.562,2.562,2.562,0,EOS/USD
1592480100,2.562,2.562,2.562,2.562,0,EOS/USD
1592480400,2.562,2.562,2.562,2.562,0,EOS/USD
1592480700,2.562,2.562,2.562,2.562,0,EOS/USD
1592481000,2.562,2.562,2.562,2.562,0,EOS/USD
1592481600,2.562,2.562,2.562,2.562,0,EOS/USD
1592481900,2.562,2.562,2.56,2.56,5,EOS/USD
1592482500,2.56,2.56,2.56,2.56,0,EOS/USD
1592482800,2.56,2.56,2.56,2.56,0,EOS/USD
1592483100,2.56,2.56,2.56,2.56,0,EOS/USD
1592483400,2.5582,2.5582,2.5582,2.5582,12,EOS/USD
1592483700,2.5582,2.5582,2.5582,2.5582,0,EOS/USD
1592484900,2.5582,2.5582,2.5582,2.5582,0,EOS/USD
1592485200,2.5582,2.5582,2.5582,2.5582,0,EOS/USD
1592485800,2.5582,2.5582,2.5582,2.5582,0,EOS/USD
1592486100,2.5575,2.5575,2.5575,2.5575,21.0484217,EOS/USD
1592486400,2.5575,2.5575,2.5534,2.5534,639.76652066,EOS/USD
1592486700,2.5534,2.5534,2.5534,2.5534,0,EOS/USD
1592487000,2.5534,2.5534,2.5534,2.5534,0,EOS/USD
1592487300,2.5497,2.5516,2.5455,2.5455,2024,EOS/USD
1592487600,2.5478,2.5485,2.5478,2.5485,1730,EOS/USD
1592487900,2.5485,2.5485,2.5485,2.5485,0,EOS/USD
1592488200,2.5485,2.5485,2.5458,2.5468,1729,EOS/USD
1592488500,2.5466,2.5466,2.5466,2.5466,23.5551,EOS/USD
1592488800,2.5466,2.5466,2.5466,2.5466,0,EOS/USD
1592489100,2.5482,2.5499,2.5482,2.5499,1728,EOS/USD
1592489400,2.5499,2.5499,2.5499,2.5499,0,EOS/USD
1592489700,2.5527,2.5533,2.5527,2.5533,1728,EOS/USD
1592490000,2.5533,2.5533,2.5533,2.5533,0,EOS/USD
1592490300,2.5533,2.5541,2.5513,2.5541,57,EOS/USD
1592490600,2.5541,2.5541,2.5541,2.5541,0,EOS/USD
1592490900,2.5526,2.5548,2.5526,2.5548,1684.7,EOS/USD
1592491200,2.5548,2.5548,2.5548,2.5548,0,EOS/USD
1592491500,2.5548,2.5548,2.5548,2.5548,0,EOS/USD
1592493600,2.5548,2.5548,2.5548,2.5548,0,EOS/USD
1592493900,2.5548,2.5548,2.5548,2.5548,0,EOS/USD
1592495100,2.5548,2.5548,2.5548,2.5548,0,EOS/USD
1592495400,2.5548,2.5548,2.5548,2.5548,0,EOS/USD
1592495700,2.5548,2.5548,2.5548,2.5548,0,EOS/USD
1592496000,2.5548,2.5548,2.5548,2.5548,0,EOS/USD
1592496300,2.5418,2.5431,2.5418,2.5431,496,EOS/USD
1592496600,2.5392,2.5392,2.5392,2.5392,388,EOS/USD
1592496900,2.5392,2.5392,2.5346,2.5391,166.31501685,EOS/USD
1592497200,2.5391,2.5391,2.5391,2.5391,0,EOS/USD
1592497500,2.5391,2.5391,2.5391,2.5391,0,EOS/USD
1592497800,2.5391,2.5391,2.5391,2.5391,0,EOS/USD
1592498100,2.5391,2.5391,2.5389,2.5389,130,EOS/USD
1592498400,2.5389,2.5389,2.5378,2.5378,1.3e-7,EOS/USD
1592498700,2.5378,2.5378,2.5374,2.5374,16.40408315,EOS/USD
1592499000,2.5394,2.5394,2.5385,2.5385,1000,EOS/USD
1592499300,2.5415,2.5445,2.5415,2.5445,559,EOS/USD
1592499600,2.5406,2.5406,2.5406,2.5406,976.34141,EOS/USD
1592499900,2.5406,2.5406,2.5393,2.5401,714.93809318,EOS/USD
1592500200,2.5401,2.5401,2.5401,2.5401,0,EOS/USD
1592500500,2.5401,2.5401,2.5401,2.5401,0,EOS/USD
1592479200,5.565,5.565,5.565,5.565,17.98561152,ETC/EUR
1592479500,5.565,5.565,5.565,5.565,0,ETC/EUR
1592479800,5.565,5.565,5.559,5.56,150,ETC/EUR
1592480400,5.56,5.56,5.56,5.56,0,ETC/EUR
1592480700,5.56,5.56,5.56,5.56,0,ETC/EUR
1592481000,5.56,5.56,5.56,5.56,0,ETC/EUR
1592481300,5.56,5.56,5.557,5.557,100,ETC/EUR
1592481600,5.557,5.557,5.557,5.557,0,ETC/EUR
1592481900,5.557,5.557,5.557,5.557,0,ETC/EUR
1592482200,5.557,5.557,5.557,5.557,0,ETC/EUR
1592482500,5.557,5.557,5.557,5.557,0,ETC/EUR
1592482800,5.557,5.557,5.557,5.557,0,ETC/EUR
1592483100,5.542,5.542,5.542,5.542,1,ETC/EUR
1592483400,5.542,5.542,5.542,5.542,0,ETC/EUR
1592483700,5.542,5.542,5.542,5.542,0,ETC/EUR
1592484000,5.542,5.544,5.542,5.544,150.6516,ETC/EUR
1592484300,5.544,5.544,5.544,5.544,0,ETC/EUR
1592484900,5.544,5.544,5.544,5.544,0,ETC/EUR
1592485200,5.544,5.544,5.54,5.54,180.21707581,ETC/EUR
1592485500,5.54,5.54,5.54,5.54,10,ETC/EUR
1592485800,5.54,5.54,5.54,5.54,0,ETC/EUR
1592487300,5.54,5.54,5.54,5.54,0,ETC/EUR
1592487600,5.54,5.54,5.506,5.506,100,ETC/EUR
1592487900,5.51,5.51,5.51,5.51,10,ETC/EUR
1592488200,5.52,5.52,5.52,5.52,1008.52443947,ETC/EUR
1592488500,5.52,5.535,5.52,5.535,200,ETC/EUR
1592488800,5.535,5.535,5.535,5.535,0,ETC/EUR
1592490000,5.535,5.535,5.535,5.535,0,ETC/EUR
1592490300,5.535,5.535,5.535,5.535,0,ETC/EUR
1592490600,5.535,5.535,5.535,5.535,0,ETC/EUR
1592490900,5.535,5.535,5.535,5.535,0,ETC/EUR
1592491200,5.535,5.535,5.535,5.535,0,ETC/EUR
1592491500,5.535,5.535,5.535,5.535,0,ETC/EUR
1592491800,5.535,5.549,5.535,5.549,54.0629,ETC/EUR
1592492100,5.549,5.549,5.549,5.549,0,ETC/EUR
1592492400,5.549,5.549,5.549,5.549,0,ETC/EUR
1592492700,5.549,5.549,5.549,5.549,0,ETC/EUR
1592493000,5.549,5.549,5.549,5.549,0,ETC/EUR
1592493300,5.549,5.549,5.549,5.549,0,ETC/EUR
1592493600,5.549,5.549,5.538,5.538,1.51149123,ETC/EUR
1592494500,5.538,5.538,5.538,5.538,0,ETC/EUR
1592494800,5.538,5.538,5.538,5.538,0,ETC/EUR
1592495100,5.533,5.533,5.521,5.521,128.21550887,ETC/EUR
1592495400,5.521,5.521,5.514,5.514,100,ETC/EUR
1592495700,5.517,5.517,5.517,5.517,0.375,ETC/EUR
1592496000,5.517,5.517,5.517,5.517,0,ETC/EUR
1592496300,5.504,5.504,5.504,5.504,2.34698739,ETC/EUR
1592496600,5.504,5.504,5.504,5.504,0.375,ETC/EUR
1592496900,5.504,5.504,5.504,5.504,0,ETC/EUR
1592497200,5.504,5.504,5.504,5.504,0,ETC/EUR
1592497500,5.504,5.504,5.504,5.504,0,ETC/EUR
1592497800,5.504,5.504,5.504,5.504,0,ETC/EUR
1592498100,5.504,5.504,5.504,5.504,0,ETC/EUR
1592498400,5.504,5.504,5.504,5.504,0,ETC/EUR
1592498700,5.504,5.504,5.504,5.504,0,ETC/EUR
1592499300,5.504,5.504,5.504,5.504,0,ETC/EUR
1592499600,5.504,5.504,5.504,5.504,0,ETC/EUR
1592499900,5.504,5.519,5.504,5.519,15,ETC/EUR
1592500200,5.519,5.519,5.519,5.519,0,ETC/EUR
1592500500,5.519,5.519,5.519,5.519,0,ETC/EUR
1592479200,6.222,6.222,6.222,6.222,0,ETC/USD
1592479500,6.222,6.222,6.222,6.222,0,ETC/USD
1592479800,6.222,6.222,6.222,6.222,0,ETC/USD
1592480100,6.222,6.222,6.222,6.222,0,ETC/USD
1592480400,6.222,6.222,6.222,6.222,0,ETC/USD
1592480700,6.222,6.222,6.222,6.222,0,ETC/USD
1592481000,6.222,6.222,6.222,6.222,0,ETC/USD
1592481300,6.222,6.222,6.222,6.222,0,ETC/USD
1592481600,6.222,6.222,6.222,6.222,0,ETC/USD
1592481900,6.222,6.222,6.222,6.222,0,ETC/USD
1592482200,6.222,6.222,6.222,6.222,0,ETC/USD
1592482800,6.222,6.222,6.222,6.222,0,ETC/USD
1592483100,6.222,6.222,6.222,6.222,0,ETC/USD
1592483400,6.222,6.222,6.222,6.222,0,ETC/USD
1592483700,6.222,6.222,6.222,6.222,0,ETC/USD
1592484000,6.222,6.222,6.222,6.222,0,ETC/USD
1592484300,6.222,6.224,6.222,6.224,5,ETC/USD
1592484600,6.224,6.224,6.224,6.224,0,ETC/USD
1592484900,6.224,6.224,6.224,6.224,0,ETC/USD
1592485200,6.224,6.224,6.224,6.224,0,ETC/USD
1592485500,6.224,6.224,6.224,6.224,0,ETC/USD
1592485800,6.203,6.203,6.203,6.203,2.5,ETC/USD
1592486100,6.203,6.203,6.203,6.203,0,ETC/USD
1592486400,6.198,6.198,6.198,6.198,8.06711842,ETC/USD
1592486700,6.198,6.198,6.198,6.198,0,ETC/USD
1592487000,6.198,6.198,6.198,6.198,0,ETC/USD
1592487300,6.191,6.191,6.191,6.191,1.61524794,ETC/USD
1592487600,6.191,6.191,6.191,6.191,0,ETC/USD
1592487900,6.179,6.179,6.179,6.179,9.6742,ETC/USD
1592488200,6.179,6.179,6.179,6.179,0,ETC/USD
1592488500,6.179,6.179,6.179,6.179,0,ETC/USD
1592488800,6.179,6.179,6.179,6.179,0,ETC/USD
1592489100,6.179,6.179,6.174,6.174,5.1935623,ETC/USD
1592489400,6.174,6.174,6.174,6.174,0,ETC/USD
1592489700,6.165,6.165,6.165,6.165,55,ETC/USD
1592490000,6.165,6.165,6.165,6.165,0,ETC/USD
1592490300,6.165,6.165,6.165,6.165,0,ETC/USD
1592490600,6.165,6.165,6.165,6.165,0,ETC/USD
1592490900,6.165,6.165,6.165,6.165,0,ETC/USD
1592491200,6.165,6.165,6.165,6.165,0,ETC/USD
1592491500,6.184,6.184,6.184,6.184,9.7339,ETC/USD
1592491800,6.184,6.184,6.184,6.184,0,ETC/USD
1592492100,6.184,6.184,6.184,6.184,0,ETC/USD
1592492400,6.196,6.197,6.183,6.19,1291,ETC/USD
1592492700,6.19,6.19,6.19,6.19,0,ETC/USD
1592493000,6.19,6.19,6.19,6.19,0,ETC/USD
1592493300,6.19,6.19,6.19,6.19,0,ETC/USD
1592493600,6.19,6.19,6.19,6.19,0,ETC/USD
1592493900,6.19,6.19,6.19,6.19,0,ETC/USD
1592494200,6.19,6.19,6.19,6.19,0,ETC/USD
1592494500,6.19,6.19,6.19,6.19,0,ETC/USD
1592494800,6.19,6.19,6.19,6.19,0,ETC/USD
1592495100,6.19,6.19,6.19,6.19,1.61550887,ETC/USD
1592495400,6.19,6.19,6.19,6.19,0,ETC/USD
1592495700,6.19,6.19,6.19,6.19,0,ETC/USD
1592496000,6.19,6.19,6.19,6.19,0,ETC/USD
1592496300,6.19,6.19,6.19,6.19,0,ETC/USD
1592496600,6.19,6.19,6.19,6.19,0,ETC/USD
1592496900,6.19,6.19,6.19,6.19,0,ETC/USD
1592497200,6.19,6.19,6.164,6.164,9.6964,ETC/USD
1592497500,6.164,6.164,6.164,6.164,0,ETC/USD
1592497800,6.164,6.167,6.164,6.167,30,ETC/USD
1592498100,6.167,6.167,6.167,6.167,0,ETC/USD
1592498400,6.167,6.167,6.167,6.167,0,ETC/USD
1592498700,6.167,6.167,6.167,6.167,0,ETC/USD
1592499000,6.167,6.167,6.167,6.167,0,ETC/USD
1592499300,6.167,6.167,6.167,6.167,0,ETC/USD
1592499600,6.167,6.167,6.167,6.167,0,ETC/USD
1592499900,6.167,6.167,6.167,6.167,0,ETC/USD
1592500200,6.167,6.167,6.167,6.167,0,ETC/USD
1592500500,6.167,6.167,6.167,6.167,0,ETC/USD
1592479200,0.06343,0.06343,0.06343,0.06343,0,XLM/EUR
1592479500,0.06343,0.06343,0.063287,0.063287,2120.5,XLM/EUR
1592479800,0.063287,0.063368,0.063287,0.063368,1578.0835753,XLM/EUR
1592480100,0.063368,0.063378,0.063368,0.063378,8000,XLM/EUR
1592480400,0.063378,0.063378,0.063347,0.063347,30,XLM/EUR
1592480700,0.063347,0.063347,0.063347,0.063347,0,XLM/EUR
1592481000,0.063416,0.063416,0.063416,0.063416,30,XLM/EUR
1592481300,0.063416,0.063416,0.063416,0.063416,0,XLM/EUR
1592481600,0.063416,0.063416,0.063416,0.063416,0,XLM/EUR
1592481900,0.063416,0.063579,0.063416,0.063579,2286.70607817,XLM/EUR
1592482200,0.063579,0.063599,0.063579,0.063599,265.6542086,XLM/EUR
1592482500,0.063599,0.063599,0.063599,0.063599,0,XLM/EUR
1592482800,0.063599,0.063599,0.063456,0.063456,30,XLM/EUR
1592483100,0.063456,0.063456,0.063456,0.063456,93,XLM/EUR
1592483400,0.063456,0.063456,0.063397,0.063397,4720,XLM/EUR
1592483700,0.063469,0.063469,0.063466,0.063466,1606,XLM/EUR
1592484000,0.063466,0.063466,0.063458,0.063458,30,XLM/EUR
1592484300,0.063458,0.063489,0.063403,0.063489,4849.84117981,XLM/EUR
1592484600,0.063489,0.063489,0.063489,0.063489,0,XLM/EUR
1592484900,0.063489,0.063489,0.06335,0.06335,3977,XLM/EUR
1592485200,0.06335,0.06335,0.06335,0.06335,0,XLM/EUR
1592485500,0.06335,0.06335,0.06335,0.06335,0,XLM/EUR
1592485800,0.063005,0.063005,0.062905,0.062905,33700.79942976,XLM/EUR
1592486100,0.062905,0.063001,0.0629,0.0629,5010.90394773,XLM/EUR
1592486400,0.0629,0.0629,0.0629,0.0629,0,XLM/EUR
1592486700,0.063057,0.063057,0.062975,0.062975,2259.05077795,XLM/EUR
1592487000,0.062975,0.062975,0.06285,0.062858,9062.58148396,XLM/EUR
1592487300,0.062858,0.062948,0.062825,0.062825,5810.2560523,XLM/EUR
1592487600,0.062825,0.063091,0.062825,0.062938,18562.9,XLM/EUR
1592487900,0.062938,0.062938,0.062938,0.062938,0,XLM/EUR
1592488200,0.063087,0.063099,0.063087,0.063099,3498.11552163,XLM/EUR
1592488500,0.063099,0.063099,0.063099,0.063099,0,XLM/EUR
1592488800,0.063099,0.063099,0.063094,0.063094,30,XLM/EUR
1592489100,0.063094,0.06336,0.063094,0.06332,8635.77282256,XLM/EUR
1592489400,0.06332,0.06332,0.063269,0.063269,6000,XLM/EUR
1592489700,0.063237,0.063373,0.063237,0.063373,5289.93169476,XLM/EUR
1592490000,0.063373,0.063373,0.063373,0.063373,0,XLM/EUR
1592490300,0.063453,0.063453,0.063425,0.063425,4780,XLM/EUR
1592490600,0.063425,0.063425,0.06337,0.06337,818.97953387,XLM/EUR
1592490900,0.06337,0.06337,0.06337,0.06337,0,XLM/EUR
1592491200,0.06337,0.06337,0.06331,0.06331,286.99999999,XLM/EUR
1592491500,0.06331,0.063455,0.06331,0.063455,30,XLM/EUR
1592491800,0.063455,0.063455,0.063455,0.063455,0,XLM/EUR
1592492100,0.063455,0.063455,0.063455,0.063455,0,XLM/EUR
1592492400,0.063455,0.063455,0.063455,0.063455,0,XLM/EUR
1592492700,0.063408,0.063408,0.063408,0.063408,30,XLM/EUR
1592493000,0.063408,0.063408,0.063359,0.063359,30,XLM/EUR
1592493300,0.063359,0.063359,0.063359,0.063359,0,XLM/EUR
1592493600,0.063359,0.063359,0.063336,0.063336,3728.91790986,XLM/EUR
1592493900,0.063336,0.063336,0.063336,0.063336,0,XLM/EUR
1592494200,0.063458,0.063458,0.063358,0.063358,13679.99999995,XLM/EUR
1592494500,0.063358,0.063486,0.063358,0.063486,30,XLM/EUR
1592494800,0.063486,0.063486,0.063466,0.063466,30,XLM/EUR
1592495100,0.063466,0.063514,0.063466,0.063514,375.5387767,XLM/EUR
1592495400,0.063514,0.063514,0.06335,0.06335,7530,XLM/EUR
1592495700,0.06335,0.06336,0.06335,0.06336,30,XLM/EUR
1592496000,0.06336,0.06336,0.06336,0.06336,0,XLM/EUR
1592496300,0.063157,0.063157,0.063157,0.063157,30,XLM/EUR
1592496600,0.063157,0.06319,0.063157,0.06319,30,XLM/EUR
1592496900,0.06319,0.06319,0.063,0.063,100,XLM/EUR
1592497200,0.063,0.063,0.062845,0.062845,30,XLM/EUR
1592497500,0.062845,0.062989,0.062845,0.062989,30,XLM/EUR
1592497800,0.062997,0.062997,0.062997,0.062997,1000,XLM/EUR
1592498100,0.062949,0.062949,0.062949,0.062949,30,XLM/EUR
1592498400,0.062949,0.062949,0.062826,0.0629,85212.04592,XLM/EUR
1592498700,0.062818,0.062818,0.062761,0.062761,4925.57732897,XLM/EUR
1592499000,0.062826,0.062865,0.062766,0.062865,1582.63816941,XLM/EUR
1592499300,0.062865,0.062865,0.062865,0.062865,0,XLM/EUR
1592499600,0.062865,0.062865,0.062865,0.062865,0,XLM/EUR
1592499900,0.062865,0.063067,0.062865,0.063067,9864.49071274,XLM/EUR
1592500200,0.063067,0.063067,0.06291,0.06291,30,XLM/EUR
1592500500,0.06291,0.06291,0.062835,0.062835,733.44232,XLM/EUR
1592479200,0.071335,0.071335,0.071335,0.071335,0,XLM/USD
1592479500,0.071108,0.071108,0.071108,0.071108,50000,XLM/USD
1592479800,0.071108,0.071108,0.071108,0.071108,0,XLM/USD
1592480100,0.071108,0.071108,0.071108,0.071108,0,XLM/USD
1592480400,0.071108,0.071108,0.070981,0.070981,24870.2939,XLM/USD
1592480700,0.070981,0.070981,0.070981,0.070981,0,XLM/USD
1592481000,0.070981,0.070981,0.070981,0.070981,0,XLM/USD
1592481300,0.070981,0.070981,0.070981,0.070981,0,XLM/USD
1592481600,0.070981,0.070981,0.070981,0.070981,0,XLM/USD
1592482500,0.070981,0.070981,0.070981,0.070981,0,XLM/USD
1592482800,0.070981,0.070981,0.070981,0.070981,0,XLM/USD
1592483100,0.070981,0.070981,0.070981,0.070981,0,XLM/USD
1592483700,0.070981,0.070981,0.070981,0.070981,0,XLM/USD
1592484000,0.071153,0.071153,0.071153,0.071153,551.2057,XLM/USD
1592484300,0.071153,0.071153,0.071153,0.071153,0,XLM/USD
1592484600,0.071153,0.071153,0.071153,0.071153,0,XLM/USD
1592484900,0.071153,0.071153,0.071013,0.071013,2000,XLM/USD
1592485500,0.071013,0.071013,0.071013,0.071013,0,XLM/USD
1592485800,0.07069,0.07069,0.07069,0.07069,4086.86630595,XLM/USD
1592486100,0.0706,0.070637,0.070408,0.070637,21122.19661641,XLM/USD
1592486400,0.070637,0.070648,0.070403,0.070403,39974.2836836,XLM/USD
1592486700,0.070403,0.070403,0.070403,0.070403,0,XLM/USD
1592487000,0.0705,0.070611,0.0705,0.070611,56000.2945,XLM/USD
1592487300,0.070611,0.070611,0.070611,0.070611,0,XLM/USD
1592487600,0.070444,0.070444,0.070444,0.070444,7198.043663,XLM/USD
1592487900,0.070444,0.070444,0.070444,0.070444,0,XLM/USD
1592488200,0.070444,0.070696,0.070444,0.070588,733.118079,XLM/USD
1592488500,0.070588,0.070588,0.070588,0.070588,0,XLM/USD
1592488800,0.070588,0.070588,0.070588,0.070588,0,XLM/USD
1592489100,0.070724,0.070724,0.070724,0.070724,34333.97532,XLM/USD
1592489400,0.070724,0.070724,0.070724,0.070724,0,XLM/USD
1592489700,0.070724,0.070724,0.070724,0.070724,0,XLM/USD
1592490000,0.070834,0.070834,0.070834,0.070834,8851.6937,XLM/USD
1592490300,0.070834,0.070894,0.070834,0.070894,8851.6937,XLM/USD
1592490600,0.070894,0.070894,0.070838,0.070838,5935,XLM/USD
1592490900,0.070838,0.070838,0.070838,0.070838,0,XLM/USD
1592491200,0.070838,0.070838,0.070838,0.070838,0,XLM/USD
1592491500,0.070838,0.070838,0.070838,0.070838,0,XLM/USD
1592491800,0.070838,0.070838,0.070838,0.070838,0,XLM/USD
1592492100,0.070838,0.070838,0.070838,0.070838,0,XLM/USD
1592492400,0.070838,0.070981,0.070838,0.070981,10177.88017116,XLM/USD
1592492700,0.070931,0.070931,0.070931,0.070931,7525.5072289,XLM/USD
1592493000,0.070931,0.070931,0.070931,0.070931,0,XLM/USD
1592493600,0.070931,0.070931,0.070931,0.070931,0,XLM/USD
1592493900,0.071074,0.071086,0.071074,0.071085,64621.18228928,XLM/USD
1592494200,0.071085,0.071085,0.071085,0.071085,0,XLM/USD
1592494500,0.070966,0.070966,0.070966,0.070966,152.88719,XLM/USD
1592494800,0.070966,0.070966,0.070966,0.070966,0,XLM/USD
1592495100,0.070966,0.070966,0.070966,0.070966,0,XLM/USD
1592495400,0.070966,0.070966,0.070966,0.070966,0,XLM/USD
1592495700,0.070966,0.070966,0.070789,0.070789,126306.73749108,XLM/USD
1592496000,0.070789,0.070789,0.070609,0.070715,123000,XLM/USD
1592496300,0.070731,0.070731,0.070731,0.070731,30573,XLM/USD
1592496600,0.070609,0.070609,0.070609,0.070609,200.98999999,XLM/USD
1592496900,0.0704,0.0704,0.0704,0.0704,7005.222,XLM/USD
1592497200,0.0704,0.070456,0.070365,0.070365,40642.99999998,XLM/USD
1592497500,0.070365,0.070365,0.070365,0.070365,0,XLM/USD
1592497800,0.070365,0.070365,0.070365,0.070365,0,XLM/USD
1592498100,0.070365,0.070444,0.070365,0.070444,15000,XLM/USD
1592498400,0.070444,0.070444,0.070444,0.070444,0,XLM/USD
1592498700,0.070289,0.070289,0.070152,0.070204,95918.440646,XLM/USD
1592499000,0.070098,0.070209,0.070098,0.070209,100030.7,XLM/USD
1592499300,0.070209,0.070426,0.070209,0.070426,20322,XLM/USD
1592499600,0.070344,0.070345,0.070344,0.070345,79678,XLM/USD
1592499900,0.070381,0.070381,0.070381,0.070381,599,XLM/USD
1592500200,0.070381,0.070406,0.070381,0.070406,33257,XLM/USD
1592500500,0.070403,0.070403,0.070403,0.070403,2555,XLM/USD
1592479200,0.17085,0.17085,0.17074,0.17074,6231.48281699,XRP/EUR
1592479500,0.17074,0.17074,0.17062,0.1707,8057.49168826,XRP/EUR
1592479800,0.1707,0.1707,0.1706,0.1706,14208.96337532,XRP/EUR
1592480100,0.1706,0.17091,0.1706,0.17087,6317.86313335,XRP/EUR
1592480400,0.17087,0.17095,0.1707,0.17074,18629.1921588,XRP/EUR
1592480700,0.17074,0.17075,0.17058,0.17075,49575.16782279,XRP/EUR
1592481000,0.17065,0.17077,0.17065,0.17077,31713.42765502,XRP/EUR
1592481300,0.17073,0.17085,0.1707,0.1707,16387.59777058,XRP/EUR
1592481600,0.1707,0.1708,0.1707,0.1708,1800,XRP/EUR
1592481900,0.17065,0.17079,0.1706,0.17077,1376.1313311,XRP/EUR
1592482200,0.17077,0.17088,0.17077,0.17088,251.77874587,XRP/EUR
1592482500,0.17088,0.17088,0.1708,0.17081,3568.88283771,XRP/EUR
1592482800,0.17081,0.17081,0.17081,0.17081,0,XRP/EUR
1592483100,0.17081,0.17081,0.17068,0.17073,18189,XRP/EUR
1592483400,0.17081,0.17082,0.17081,0.17082,1184.13710336,XRP/EUR
1592483700,0.17082,0.17093,0.17082,0.17093,300,XRP/EUR
1592484000,0.17093,0.17107,0.17093,0.17107,13993.22022741,XRP/EUR
1592484300,0.17107,0.17117,0.17107,0.17109,1616.533903,XRP/EUR
1592484600,0.17109,0.17109,0.17109,0.17109,0,XRP/EUR
1592484900,0.17101,0.17101,0.17063,0.17063,840.80971602,XRP/EUR
1592485200,0.17063,0.17064,0.17055,0.17055,8188.90086432,XRP/EUR
1592485500,0.17055,0.17055,0.17018,0.17018,1495.73713085,XRP/EUR
1592485800,0.17018,0.17038,0.17018,0.1703,304.735595,XRP/EUR
1592486100,0.1703,0.1703,0.17001,0.17002,37184.18313416,XRP/EUR
1592486400,0.17002,0.17041,0.17002,0.17041,3236,XRP/EUR
1592486700,0.17041,0.17043,0.17041,0.17043,1013.629848,XRP/EUR
1592487000,0.17034,0.17034,0.17009,0.17009,2133.50136872,XRP/EUR
1592487300,0.17011,0.17011,0.16977,0.16977,8580.55431136,XRP/EUR
1592487600,0.16966,0.16979,0.16966,0.1697,1609.1862163,XRP/EUR
1592487900,0.1697,0.16976,0.1697,0.16975,5961.42905319,XRP/EUR
1592488200,0.16975,0.17022,0.16975,0.17017,33660.58738175,XRP/EUR
1592488500,0.17017,0.17017,0.17016,0.17016,3000,XRP/EUR
1592488800,0.17016,0.17016,0.17016,0.17016,0,XRP/EUR
1592489100,0.17016,0.17018,0.17001,0.17018,1109.189158,XRP/EUR
1592489400,0.17018,0.17018,0.17,0.17,1516.42966361,XRP/EUR
1592489700,0.1699,0.17001,0.16985,0.1699,1261.070352,XRP/EUR
1592490000,0.1699,0.1699,0.1699,0.1699,0,XRP/EUR
1592490300,0.17013,0.17015,0.17002,0.17012,9642.2447576,XRP/EUR
1592490600,0.17012,0.17013,0.17012,0.17013,6698.55774721,XRP/EUR
1592490900,0.17013,0.17017,0.17013,0.17017,368.808179,XRP/EUR
1592491200,0.17028,0.17039,0.17024,0.17035,17787.93172696,XRP/EUR
1592491500,0.17035,0.17065,0.17035,0.1706,4442.92706856,XRP/EUR
1592491800,0.17055,0.17055,0.17048,0.17048,397.305613,XRP/EUR
1592492100,0.17048,0.1706,0.17048,0.1706,698,XRP/EUR
1592492400,0.1707,0.1707,0.1705,0.1705,5385.63593168,XRP/EUR
1592492700,0.17054,0.17067,0.17054,0.17067,74.19650888,XRP/EUR
1592493000,0.17069,0.17069,0.17065,0.17067,3472.4209377,XRP/EUR
1592493300,0.17067,0.17067,0.1705,0.1705,4433.54211104,XRP/EUR
1592493600,0.1705,0.1705,0.1705,0.1705,0,XRP/EUR
1592493900,0.1705,0.1705,0.17049,0.1705,17126.83796079,XRP/EUR
1592494200,0.1705,0.17058,0.1705,0.17052,12282.44143394,XRP/EUR
1592494500,0.17053,0.17053,0.17048,0.17048,603.64057973,XRP/EUR
1592494800,0.17029,0.17029,0.17021,0.17021,7999.73,XRP/EUR
1592495100,0.17021,0.17021,0.16995,0.16995,23533.85588235,XRP/EUR
1592495400,0.16941,0.16971,0.16927,0.16944,3936.69397813,XRP/EUR
1592495700,0.16927,0.16927,0.1686,0.16861,55201.68504791,XRP/EUR
1592496000,0.16887,0.16887,0.16872,0.16884,33523.26066093,XRP/EUR
1592496300,0.16884,0.16891,0.16884,0.1689,1920.87328066,XRP/EUR
1592496600,0.1689,0.1689,0.16863,0.16863,22815.41736842,XRP/EUR
1592496900,0.16863,0.16879,0.16862,0.16879,2536.19296967,XRP/EUR
1592497200,0.16892,0.16943,0.16892,0.16943,5112.74570433,XRP/EUR
1592497500,0.1691,0.16911,0.169,0.16905,3179.67791288,XRP/EUR
1592497800,0.16905,0.16949,0.16905,0.16949,540.345799,XRP/EUR
1592498100,0.16962,0.1697,0.16962,0.16962,7914.382804,XRP/EUR
1592498400,0.16962,0.16969,0.16925,0.16948,12125.73286643,XRP/EUR
1592498700,0.16953,0.16968,0.16947,0.16968,22905.738304,XRP/EUR
1592499000,0.16977,0.16999,0.16977,0.16998,2295.63852453,XRP/EUR
1592499300,0.16987,0.1699,0.16965,0.16965,12108.40576735,XRP/EUR
1592499600,0.16938,0.16941,0.16938,0.16941,6434.16138324,XRP/EUR
1592499900,0.16941,0.16943,0.16941,0.16943,2769.135191,XRP/EUR
1592500200,0.16943,0.16943,0.16943,0.16943,2475,XRP/EUR
1592500500,0.16938,0.16963,0.16938,0.16963,5515.86764395,XRP/EUR
1592479200,0.19177,0.19177,0.19157,0.19157,19148.998,XRP/USD
1592479500,0.19157,0.19158,0.19151,0.19151,1345.68496799,XRP/USD
1592479800,0.19151,0.19152,0.19151,0.19152,373.03243107,XRP/USD
1592480100,0.19152,0.19177,0.19152,0.19177,5856.51995335,XRP/USD
1592480400,0.19177,0.1918,0.19169,0.19169,380435.47278446,XRP/USD
1592480700,0.19169,0.19169,0.19134,0.19144,426429.54811472,XRP/USD
1592481000,0.19144,0.19152,0.19144,0.19152,3617,XRP/USD
1592481300,0.19152,0.19152,0.19152,0.19152,0,XRP/USD
1592481600,0.19154,0.19154,0.19134,0.19134,16777.56575711,XRP/USD
1592481900,0.19134,0.19134,0.1913,0.19131,4625.75129628,XRP/USD
1592482200,0.19135,0.19138,0.19132,0.19137,7701.38755144,XRP/USD
1592482500,0.1914,0.1914,0.19137,0.19137,712,XRP/USD
1592482800,0.19137,0.19139,0.19136,0.19136,21716.02245922,XRP/USD
1592483100,0.19144,0.19145,0.19144,0.19145,8300,XRP/USD
1592483400,0.19145,0.19148,0.19145,0.19148,2879.19481927,XRP/USD
1592483700,0.19148,0.1916,0.19146,0.1916,1821.00255535,XRP/USD
1592484000,0.1916,0.1918,0.1916,0.19179,1406,XRP/USD
1592484300,0.1918,0.1918,0.1918,0.1918,1400.00679488,XRP/USD
1592484600,0.1918,0.1918,0.1918,0.1918,30521.5202921,XRP/USD
1592484900,0.1918,0.1918,0.19144,0.19144,109018.42235265,XRP/USD
1592485200,0.19144,0.19144,0.19107,0.19114,118102.80978,XRP/USD
1592485500,0.19116,0.19116,0.19046,0.1906,322308.99999998,XRP/USD
1592485800,0.19079,0.19099,0.19079,0.1908,19273.1437658,XRP/USD
1592486100,0.1908,0.19081,0.19053,0.19059,23836.55194039,XRP/USD
1592486400,0.19059,0.19085,0.19034,0.19076,71942.29562451,XRP/USD
1592486700,0.19097,0.19101,0.1909,0.1909,3532.6,XRP/USD
1592487000,0.19085,0.19086,0.19045,0.19076,44451.42714577,XRP/USD
1592487300,0.19076,0.19076,0.19019,0.19019,19364.269,XRP/USD
1592487600,0.19019,0.19041,0.18987,0.19037,285486.4,XRP/USD
1592487900,0.19037,0.19049,0.19017,0.19049,13311.12235234,XRP/USD
1592488200,0.19059,0.1907,0.19052,0.19053,27983.47378353,XRP/USD
1592488500,0.19053,0.19053,0.19052,0.19052,2749.54071,XRP/USD
1592488800,0.1905,0.19051,0.19033,0.19044,54299.60554319,XRP/USD
1592489100,0.19044,0.19072,0.19043,0.19059,2321.07999998,XRP/USD
1592489400,0.19059,0.19066,0.19033,0.19033,29535.83193,XRP/USD
1592489700,0.19019,0.19052,0.19008,0.19045,80399.9,XRP/USD
1592490000,0.19045,0.19049,0.19043,0.19043,42112,XRP/USD
1592490300,0.19042,0.19045,0.19027,0.1904,32999.07096167,XRP/USD
1592490600,0.1904,0.1904,0.19031,0.19031,51272,XRP/USD
1592490900,0.19031,0.19059,0.19031,0.19059,15722.64929577,XRP/USD
1592491200,0.19054,0.19071,0.19043,0.19071,7383.39978054,XRP/USD
1592491500,0.19071,0.19109,0.19071,0.19109,33554.38993875,XRP/USD
1592491800,0.19093,0.19094,0.19089,0.19092,46068.49609123,XRP/USD
1592492100,0.19092,0.19128,0.1909,0.19128,4672.63864574,XRP/USD
1592492400,0.19128,0.19128,0.19103,0.19103,11751.6039489,XRP/USD
1592492700,0.19103,0.19121,0.19102,0.19121,2802.50945532,XRP/USD
1592493000,0.19121,0.19125,0.19121,0.19125,2192.832395,XRP/USD
1592493300,0.19125,0.19125,0.19109,0.19109,9888.58324525,XRP/USD
1592493600,0.19109,0.19122,0.19109,0.19122,8996.42110918,XRP/USD
1592493900,0.19122,0.19124,0.19113,0.19113,13054.13442282,XRP/USD
1592494200,0.19113,0.19113,0.19104,0.19104,25000,XRP/USD
1592494500,0.19109,0.19109,0.19089,0.19089,113285.17842365,XRP/USD
1592494800,0.19069,0.19072,0.19052,0.19063,32697.12690089,XRP/USD
1592495100,0.1906,0.1906,0.1897,0.1897,122519.181,XRP/USD
1592495400,0.1897,0.19001,0.1893,0.18952,128000.33730301,XRP/USD
1592495700,0.18951,0.18951,0.1886,0.18883,274530.70703514,XRP/USD
1592496000,0.18883,0.18903,0.1887,0.18899,108610.59690977,XRP/USD
1592496300,0.18903,0.18904,0.18902,0.18903,825.17171163,XRP/USD
1592496600,0.18903,0.1891,0.18879,0.18879,55581.88513998,XRP/USD
1592496900,0.18879,0.18899,0.18873,0.18899,18245.67166306,XRP/USD
1592497200,0.18899,0.18962,0.18899,0.18947,51939.41737782,XRP/USD
1592497500,0.18923,0.18927,0.18923,0.18927,38545.82935067,XRP/USD
1592497800,0.18927,0.18987,0.18927,0.18987,6455,XRP/USD
1592498100,0.18988,0.18989,0.18988,0.18989,3161,XRP/USD
1592498400,0.18989,0.18991,0.18947,0.1895,231911.29397522,XRP/USD
1592498700,0.1896,0.18975,0.18957,0.18971,26218.8,XRP/USD
1592499000,0.18971,0.19029,0.18971,0.19014,87464.13823919,XRP/USD
1592499300,0.19014,0.19014,0.18967,0.18967,14474.31027578,XRP/USD
1592499600,0.18956,0.18956,0.18944,0.18946,5226.08558922,XRP/USD
1592499900,0.18947,0.18953,0.18947,0.18948,8532.60831975,XRP/USD
1592500200,0.18948,0.18959,0.18948,0.18956,13694.18383343,XRP/USD
1592500500,0.18956,0.18979,0.18956,0.18979,676.31842925,XRP/USD
